,survived,pclass,sex,age,sibsp,parch,fare,embarked,class,who,adult_male,deck,embark_town,alive,alone,age_z,fare_z
0,0,3,male,22.0,1,0,7.25,S,Third,man,True,,Southampton,no,False,-0.5896198553348734,-0.5002397510893574
1,1,1,female,38.0,1,0,71.2833,C,First,woman,False,C,Cherbourg,yes,False,0.644847987422268,0.788946607905507
2,1,3,female,26.0,0,0,7.925,S,Third,woman,False,,Southampton,yes,True,-0.28100289464558803,-0.48664993466069395
3,1,1,female,35.0,1,0,53.1,S,First,woman,False,C,Southampton,yes,False,0.413385266905304,0.4228611129909654
4,0,3,male,35.0,0,0,8.05,S,Third,man,True,,Southampton,no,True,0.413385266905304,-0.4841333019887193
5,0,3,male,29.64209269662921,0,0,8.4583,Q,Third,man,True,,Queenstown,no,True,-5.482138488753303e-16,-0.47591297302898106
6,0,1,male,54.0,0,0,51.8625,S,First,man,True,E,Southampton,no,True,1.8793158301794095,0.39794644953841574
7,0,3,male,2.0,3,1,21.075,S,Third,child,False,,Southampton,no,False,-2.1327046587813,-0.22190017756895475
8,1,3,female,27.0,0,2,11.1333,S,Third,woman,False,,Southampton,yes,False,-0.20384865447326672,-0.4220570338487224
9,1,2,female,14.0,1,0,30.0708,C,Second,child,False,,Cherbourg,yes,False,-1.2068537767134442,-0.040787184044554156
10,1,3,female,4.0,1,1,16.7,S,Third,child,False,G,Southampton,yes,False,-1.9783961784366575,-0.3099823210880695
11,1,1,female,58.0,0,0,26.55,S,First,woman,False,C,Southampton,yes,True,2.187932790868695,-0.11167166653646252
12,0,3,male,20.0,0,0,8.05,S,Third,man,True,,Southampton,no,True,-0.7439283356795161,-0.4841333019887193
13,0,3,male,39.0,1,5,31.275,S,Third,man,True,,Southampton,no,False,0.7220022275945894,-0.016542951535818605
14,0,3,female,14.0,0,0,7.8542,S,Third,child,False,,Southampton,no,True,-1.2068537767134442,-0.4880753554061005
15,1,2,female,55.0,0,0,16.0,S,Second,woman,False,,Southampton,yes,True,1.9564700703517308,-0.32407546405112786
16,0,3,male,2.0,4,1,29.125,Q,Third,child,False,,Queenstown,no,False,-2.1327046587813,-0.05982903349378355
17,1,2,male,29.64209269662921,0,0,13.0,S,Second,man,True,,Southampton,yes,True,-5.482138488753303e-16,-0.38447464817852084
18,0,3,female,31.0,1,0,18.0,S,Third,woman,False,,Southampton,no,False,0.10476830621601865,-0.28380934129953256
19,1,3,female,29.64209269662921,0,0,7.225,C,Third,woman,False,,Cherbourg,yes,True,-5.482138488753303e-16,-0.5007430776237524
20,0,2,male,35.0,0,0,26.0,S,Second,man,True,,Southampton,no,True,0.413385266905304,-0.12274485029315124
21,1,2,male,34.0,0,0,13.0,S,Second,man,True,D,Southampton,yes,True,0.33623102673298266,-0.38447464817852084
22,1,3,female,15.0,0,0,8.0292,Q,Third,child,False,,Queenstown,yes,True,-1.1296995365411229,-0.48455206966533587
23,1,1,male,28.0,0,0,35.5,S,First,man,True,A,Southampton,yes,True,-0.12669441430094538,0.06851923277692655
24,0,3,female,8.0,3,1,21.075,S,Third,child,False,,Southampton,no,False,-1.6697792177473723,-0.22190017756895475
25,1,3,female,38.0,1,5,31.3875,S,Third,woman,False,,Southampton,yes,False,0.644847987422268,-0.014277982131041355
26,0,3,male,29.64209269662921,0,0,7.225,C,Third,man,True,,Cherbourg,no,True,-5.482138488753303e-16,-0.5007430776237524
27,0,1,male,19.0,3,2,263.0,S,First,man,True,C,Southampton,no,False,-0.8210825758518374,4.648790695770894
28,1,3,female,29.64209269662921,0,0,7.8792,Q,Third,woman,False,,Queenstown,yes,True,-5.482138488753303e-16,-0.4875720288717055
29,0,3,male,29.64209269662921,0,0,7.8958,S,Third,man,True,,Southampton,no,True,-5.482138488753303e-16,-0.48723782005286725
30,0,1,male,40.0,0,0,27.7208,C,First,man,True,,Cherbourg,no,True,0.7991564677669107,-0.08809987827767862
31,1,1,female,29.64209269662921,1,0,146.5208,C,First,woman,False,B,Cherbourg,yes,False,-5.482138488753303e-16,2.3037078131670836
32,1,3,female,29.64209269662921,0,0,7.75,Q,Third,woman,False,,Queenstown,yes,True,-5.482138488753303e-16,-0.49017322040145855
33,0,2,male,66.0,0,0,10.5,S,Second,man,True,,Southampton,no,True,2.8051667122472654,-0.434807301618015
34,0,1,male,28.0,1,0,82.1708,C,First,man,True,,Cherbourg,no,False,-0.12669441430094538,1.008145313634504
35,0,1,male,42.0,1,0,52.0,S,First,man,True,,Southampton,no,False,0.9534649481115534,0.40071474547758795
36,1,3,male,29.64209269662921,0,0,7.2292,C,Third,man,True,,Cherbourg,yes,True,-5.482138488753303e-16,-0.500658518765974
37,0,3,male,21.0,0,0,8.05,S,Third,man,True,,Southampton,no,True,-0.6667740955071948,-0.4841333019887193
38,0,3,female,18.0,2,0,18.0,S,Third,woman,False,,Southampton,no,False,-0.8982368160241588,-0.28380934129953256
39,1,3,female,14.0,1,0,11.2417,C,Third,child,False,,Cherbourg,yes,False,-1.2068537767134442,-0.41987460999558585
40,0,3,female,40.0,1,0,9.475,S,Third,woman,False,,Southampton,no,False,0.7991564677669107,-0.4554436895282076
41,0,2,female,27.0,1,0,21.0,S,Second,woman,False,,Southampton,no,False,-0.20384865447326672,-0.22341015717213955
42,0,3,male,29.64209269662921,0,0,7.8958,C,Third,man,True,,Cherbourg,no,True,-5.482138488753303e-16,-0.48723782005286725
43,1,2,female,3.0,1,2,41.5792,C,Second,child,False,,Cherbourg,yes,False,-2.055550418608979,0.1909121394926757
44,1,3,female,19.0,0,0,7.8792,Q,Third,woman,False,,Queenstown,yes,True,-0.8210825758518374,-0.4875720288717055
45,0,3,male,29.64209269662921,0,0,8.05,S,Third,man,True,,Southampton,no,True,-5.482138488753303e-16,-0.4841333019887193
46,0,3,male,29.64209269662921,1,0,15.5,Q,Third,man,True,,Queenstown,no,False,-5.482138488753303e-16,-0.33414199473902667
47,1,3,female,29.64209269662921,0,0,7.75,Q,Third,woman,False,,Queenstown,yes,True,-5.482138488753303e-16,-0.49017322040145855
48,0,3,male,29.64209269662921,2,0,21.6792,C,Third,man,True,,Cherbourg,no,False,-5.482138488753303e-16,-0.20973578188569775
49,0,3,female,18.0,1,0,17.8,S,Third,woman,False,,Southampton,no,False,-0.8982368160241588,-0.28783595357469205
50,0,3,male,7.0,4,1,39.6875,S,Third,child,False,,Southampton,no,False,-1.7469334579196936,0.15282642728807924
51,0,3,male,21.0,0,0,7.8,S,Third,man,True,,Southampton,no,True,-0.6667740955071948,-0.48916656733266867
52,1,1,female,49.0,1,0,76.7292,C,First,woman,False,D,Cherbourg,yes,False,1.4935446293178027,0.8985892468519636
53,1,2,female,29.0,1,0,26.0,S,Second,woman,False,,Southampton,yes,False,-0.04954017412862403,-0.12274485029315124
54,0,1,male,65.0,0,1,61.9792,C,First,man,True,B,Cherbourg,no,False,2.728012472074944,0.6016265915589479
55,1,1,male,29.64209269662921,0,0,35.5,S,First,man,True,C,Southampton,yes,True,-5.482138488753303e-16,0.06851923277692655
56,1,2,female,21.0,0,0,10.5,S,Second,woman,False,,Southampton,yes,True,-0.6667740955071948,-0.434807301618015
57,0,3,male,28.5,0,0,7.2292,C,Third,man,True,,Cherbourg,no,True,-0.0881172942147847,-0.500658518765974
58,1,2,female,5.0,1,2,27.75,S,Second,child,False,,Southampton,yes,False,-1.9012419382643362,-0.08751199288550533
59,0,3,male,11.0,5,2,46.9,S,Third,child,False,,Southampton,no,False,-1.438316497230408,0.29803613246101984
60,0,3,male,22.0,0,0,7.2292,C,Third,man,True,,Cherbourg,no,True,-0.5896198553348734,-0.500658518765974
62,0,1,male,45.0,1,0,83.475,S,First,man,True,C,Southampton,no,False,1.1849276686285175,1.0344028522808193
63,0,3,male,4.0,3,2,27.9,S,Third,child,False,,Southampton,no,False,-1.9783961784366575,-0.08449203367913571
64,0,1,male,29.64209269662921,0,0,27.7208,C,First,man,True,,Cherbourg,no,True,-5.482138488753303e-16,-0.08809987827767862
65,1,3,male,29.64209269662921,1,1,15.2458,C,Third,man,True,,Cherbourg,yes,False,-5.482138488753303e-16,-0.33925981894075447
66,1,2,female,29.0,0,0,10.5,S,Second,woman,False,F,Southampton,yes,True,-0.04954017412862403,-0.434807301618015
67,0,3,male,19.0,0,0,8.1583,S,Third,man,True,,Southampton,no,True,-0.8210825758518374,-0.4819528914417204
68,1,3,female,17.0,4,2,7.925,S,Third,woman,False,,Southampton,yes,False,-0.9753910561964801,-0.48664993466069395
69,0,3,male,26.0,2,0,8.6625,S,Third,man,True,,Southampton,no,False,-0.28100289464558803,-0.4718018018960432
70,0,2,male,32.0,0,0,10.5,S,Second,man,True,,Southampton,no,True,0.18192254638834,-0.434807301618015
71,0,3,female,16.0,5,2,46.9,S,Third,woman,False,,Southampton,no,False,-1.0525452963688016,0.29803613246101984
72,0,2,male,21.0,0,0,73.5,S,Second,man,True,,Southampton,no,True,-0.6667740955071948,0.8335755650572377
73,0,3,male,26.0,1,0,14.4542,C,Third,man,True,,Cherbourg,no,False,-0.28100289464558803,-0.3551971503258359
74,1,3,male,32.0,0,0,56.4958,S,Third,man,True,,Southampton,yes,True,0.18192254638834,0.4912289628108992
75,0,3,male,25.0,0,0,7.65,S,Third,man,True,F,Southampton,no,True,-0.3581571348179094,-0.4921865265390384
76,0,3,male,29.64209269662921,0,0,7.8958,S,Third,man,True,,Southampton,no,True,-5.482138488753303e-16,-0.48723782005286725
77,0,3,male,29.64209269662921,0,0,8.05,S,Third,man,True,,Southampton,no,True,-5.482138488753303e-16,-0.4841333019887193
78,1,2,male,0.83,0,2,29.0,S,Second,child,False,,Southampton,yes,False,-2.2229751197829164,-0.06234566616575826
79,1,3,female,30.0,0,0,12.475,S,Third,woman,False,,Southampton,yes,True,0.027614066043697313,-0.3950445054008146
80,0,3,male,22.0,0,0,9.0,S,Third,man,True,,Southampton,no,True,-0.5896198553348734,-0.4650068936817115
81,1,3,male,29.0,0,0,9.5,S,Third,man,True,,Southampton,yes,True,-0.04954017412862403,-0.4549403629938127
82,1,3,female,29.64209269662921,0,0,7.7875,Q,Third,woman,False,,Queenstown,yes,True,-5.482138488753303e-16,-0.4894182305998661
83,0,1,male,28.0,0,0,47.1,S,First,man,True,,Southampton,no,True,-0.12669441430094538,0.30206274473617944
84,1,2,female,17.0,0,0,10.5,S,Second,woman,False,,Southampton,yes,True,-0.9753910561964801,-0.434807301618015
85,1,3,female,33.0,3,0,15.85,S,Third,woman,False,,Southampton,yes,False,0.25907678656066135,-0.32709542325749746
86,0,3,male,16.0,1,3,34.375,S,Third,man,True,,Southampton,no,False,-1.0525452963688016,0.045869538729154176
87,0,3,male,29.64209269662921,0,0,8.05,S,Third,man,True,,Southampton,no,True,-5.482138488753303e-16,-0.4841333019887193
88,1,1,female,23.0,3,2,263.0,S,First,woman,False,C,Southampton,yes,False,-0.5124656151625521,4.648790695770894
89,0,3,male,24.0,0,0,8.05,S,Third,man,True,,Southampton,no,True,-0.43531137499023076,-0.4841333019887193
90,0,3,male,29.0,0,0,8.05,S,Third,man,True,,Southampton,no,True,-0.04954017412862403,-0.4841333019887193
91,0,3,male,20.0,0,0,7.8542,S,Third,man,True,,Southampton,no,True,-0.7439283356795161,-0.4880753554061005
92,0,1,male,46.0,1,0,61.175,S,First,man,True,E,Southampton,no,False,1.2620819088008388,0.5854355836005315
93,0,3,male,26.0,1,2,20.575,S,Third,man,True,,Southampton,no,False,-0.28100289464558803,-0.2319667082568536
94,0,3,male,59.0,0,0,7.25,S,Third,man,True,,Southampton,no,True,2.2650870310410163,-0.5002397510893574
95,0,3,male,29.64209269662921,0,0,8.05,S,Third,man,True,,Southampton,no,True,-5.482138488753303e-16,-0.4841333019887193
96,0,1,male,71.0,0,0,34.6542,C,First,man,True,A,Cherbourg,no,True,3.190937913108872,0.05149068946527694
97,1,1,male,23.0,0,1,63.3583,C,First,man,True,D,Cherbourg,yes,False,-0.5124656151625521,0.6293920965023105
98,1,2,female,34.0,0,1,23.0,S,Second,woman,False,,Southampton,yes,False,0.33623102673298266,-0.18314403442054422
99,0,2,male,34.0,1,0,26.0,S,Second,man,True,,Southampton,no,False,0.33623102673298266,-0.12274485029315124
100,0,3,female,28.0,0,0,7.8958,S,Third,woman,False,,Southampton,no,True,-0.12669441430094538,-0.48723782005286725
101,0,3,male,29.64209269662921,0,0,7.8958,S,Third,man,True,,Southampton,no,True,-5.482138488753303e-16,-0.48723782005286725
102,0,1,male,21.0,0,1,77.2875,S,First,man,True,D,Southampton,no,False,-0.6667740955071948,0.9098295350180712
103,0,3,male,33.0,0,0,8.6542,S,Third,man,True,,Southampton,no,True,0.25907678656066135,-0.47196890630546234
104,0,3,male,37.0,2,0,7.925,S,Third,man,True,,Southampton,no,False,0.5676937472499467,-0.48664993466069395
105,0,3,male,28.0,0,0,7.8958,S,Third,man,True,,Southampton,no,True,-0.12669441430094538,-0.48723782005286725
106,1,3,female,21.0,0,0,7.65,S,Third,woman,False,,Southampton,yes,True,-0.6667740955071948,-0.4921865265390384
107,1,3,male,29.64209269662921,0,0,7.775,S,Third,man,True,,Southampton,yes,True,-5.482138488753303e-16,-0.48966989386706367
108,0,3,male,38.0,0,0,7.8958,S,Third,man,True,,Southampton,no,True,0.644847987422268,-0.48723782005286725
109,1,3,female,29.64209269662921,1,0,24.15,Q,Third,woman,False,,Queenstown,yes,False,-5.482138488753303e-16,-0.15999101383837694
110,0,1,male,47.0,0,0,52.0,S,First,man,True,C,Southampton,no,True,1.3392361489731601,0.40071474547758795
111,0,3,female,14.5,1,0,14.4542,C,Third,child,False,,Cherbourg,no,False,-1.1682766566272835,-0.3551971503258359
112,0,3,male,22.0,0,0,8.05,S,Third,man,True,,Southampton,no,True,-0.5896198553348734,-0.4841333019887193
113,0,3,female,20.0,1,0,9.825,S,Third,woman,False,,Southampton,no,False,-0.7439283356795161,-0.4483971180466784
114,0,3,female,17.0,0,0,14.4583,C,Third,woman,False,,Cherbourg,no,True,-0.9753910561964801,-0.3551146047741951
115,0,3,male,21.0,0,0,7.925,S,Third,man,True,,Southampton,no,True,-0.6667740955071948,-0.48664993466069395
116,0,3,male,70.5,0,0,7.75,Q,Third,man,True,,Queenstown,no,True,3.1523607930227113,-0.49017322040145855
117,0,2,male,29.0,1,0,21.0,S,Second,man,True,,Southampton,no,False,-0.04954017412862403,-0.22341015717213955
118,0,1,male,24.0,0,1,247.5208,C,First,man,True,B,Cherbourg,no,False,-0.43531137499023076,4.337147012122648
119,0,3,female,2.0,4,2,31.275,S,Third,child,False,,Southampton,no,False,-2.1327046587813,-0.016542951535818605
120,0,2,male,21.0,2,0,73.5,S,Second,man,True,,Southampton,no,False,-0.6667740955071948,0.8335755650572377
121,0,3,male,29.64209269662921,0,0,8.05,S,Third,man,True,,Southampton,no,True,-5.482138488753303e-16,-0.4841333019887193
122,0,2,male,32.5,1,0,30.0708,C,Second,man,True,,Cherbourg,no,False,0.22049966647450067,-0.040787184044554156
123,1,2,female,32.5,0,0,13.0,S,Second,woman,False,E,Southampton,yes,True,0.22049966647450067,-0.38447464817852084
124,0,1,male,54.0,0,1,77.2875,S,First,man,True,D,Southampton,no,False,1.8793158301794095,0.9098295350180712
125,1,3,male,12.0,1,0,11.2417,C,Third,child,False,,Cherbourg,yes,False,-1.3611622570580868,-0.41987460999558585
126,0,3,male,29.64209269662921,0,0,7.75,Q,Third,man,True,,Queenstown,no,True,-5.482138488753303e-16,-0.49017322040145855
127,1,3,male,24.0,0,0,7.1417,S,Third,man,True,,Southampton,yes,True,-0.43531137499023076,-0.5024201616363563
128,1,3,female,29.64209269662921,1,1,22.3583,C,Third,woman,False,F,Cherbourg,yes,False,-5.482138488753303e-16,-0.19606341990539358
129,0,3,male,45.0,0,0,6.975,S,Third,man,True,,Southampton,no,True,1.1849276686285175,-0.5057763429677017
130,0,3,male,33.0,0,0,7.8958,C,Third,man,True,,Cherbourg,no,True,0.25907678656066135,-0.48723782005286725
131,0,3,male,20.0,0,0,7.05,S,Third,man,True,,Southampton,no,True,-0.7439283356795161,-0.5042663633645169
132,0,3,female,47.0,1,0,14.5,S,Third,woman,False,,Southampton,no,False,1.3392361489731601,-0.35427505611482435
133,1,2,female,29.0,1,0,26.0,S,Second,woman,False,,Southampton,yes,False,-0.04954017412862403,-0.12274485029315124
134,0,2,male,25.0,0,0,13.0,S,Second,man,True,,Southampton,no,True,-0.3581571348179094,-0.38447464817852084
135,0,2,male,23.0,0,0,15.0458,C,Second,man,True,,Cherbourg,no,True,-0.5124656151625521,-0.343286431215914
136,1,1,female,19.0,0,2,26.2833,S,First,woman,False,D,Southampton,yes,False,-0.8210825758518374,-0.11704115400538775
137,0,1,male,37.0,1,0,53.1,S,First,man,True,C,Southampton,no,False,0.5676937472499467,0.4228611129909654
138,0,3,male,16.0,0,0,9.2167,S,Third,man,True,,Southampton,no,True,-1.0525452963688016,-0.46064405928157615
139,0,1,male,24.0,0,0,79.2,C,First,man,True,B,Cherbourg,no,True,-0.43531137499023076,0.9483340148992845
140,0,3,female,29.64209269662921,0,2,15.2458,C,Third,woman,False,,Cherbourg,no,False,-5.482138488753303e-16,-0.33925981894075447
141,1,3,female,22.0,0,0,7.75,S,Third,woman,False,,Southampton,yes,True,-0.5896198553348734,-0.49017322040145855
142,1,3,female,24.0,1,0,15.85,S,Third,woman,False,,Southampton,yes,False,-0.43531137499023076,-0.32709542325749746
143,0,3,male,19.0,0,0,6.75,Q,Third,man,True,,Queenstown,no,True,-0.8210825758518374,-0.5103062817772562
144,0,2,male,18.0,0,0,11.5,S,Second,man,True,,Southampton,no,True,-0.8982368160241588,-0.41467424024221733
145,0,2,male,19.0,1,1,36.75,S,Second,man,True,,Southampton,no,False,-0.8210825758518374,0.09368555949667362
146,1,3,male,27.0,0,0,7.7958,S,Third,man,True,,Southampton,yes,True,-0.20384865447326672,-0.489251126190447
147,0,3,female,9.0,2,2,34.375,S,Third,child,False,,Southampton,no,False,-1.592624977575051,0.045869538729154176
148,0,2,male,36.5,0,2,26.0,S,Second,man,True,F,Southampton,no,False,0.529116627163786,-0.12274485029315124
149,0,2,male,42.0,0,0,13.0,S,Second,man,True,,Southampton,no,True,0.9534649481115534,-0.38447464817852084
150,0,2,male,51.0,0,0,12.525,S,Second,man,True,,Southampton,no,True,1.6478531096624456,-0.39403785233202476
151,1,1,female,22.0,1,0,66.6,S,First,woman,False,C,Southampton,yes,False,-0.5896198553348734,0.6946574415642337
152,0,3,male,55.5,0,0,8.05,S,Third,man,True,,Southampton,no,True,1.9950471904378915,-0.4841333019887193
153,0,3,male,40.5,0,2,14.5,S,Third,man,True,,Southampton,no,False,0.8377335878530714,-0.35427505611482435
154,0,3,male,29.64209269662921,0,0,7.3125,S,Third,man,True,,Southampton,no,True,-5.482138488753303e-16,-0.49898143475337003
155,0,1,male,51.0,0,1,61.3792,C,First,man,True,,Cherbourg,no,False,1.6478531096624456,0.5895467547334693
156,1,3,female,16.0,0,0,7.7333,Q,Third,woman,False,,Queenstown,yes,True,-1.0525452963688016,-0.4905094425264344
157,0,3,male,30.0,0,0,8.05,S,Third,man,True,,Southampton,no,True,0.027614066043697313,-0.4841333019887193
158,0,3,male,29.64209269662921,0,0,8.6625,S,Third,man,True,,Southampton,no,True,-5.482138488753303e-16,-0.4718018018960432
159,0,3,male,29.64209269662921,8,2,69.55,S,Third,man,True,,Southampton,no,False,-5.482138488753303e-16,0.7540499726228369
160,0,3,male,44.0,0,1,16.1,S,Third,man,True,,Southampton,no,False,1.1077734284561962,-0.3220621579135481
161,1,2,female,40.0,0,0,15.75,S,Second,woman,False,,Southampton,yes,True,0.7991564677669107,-0.3291087293950773
162,0,3,male,26.0,0,0,7.775,S,Third,man,True,,Southampton,no,True,-0.28100289464558803,-0.48966989386706367
163,0,3,male,17.0,0,0,8.6625,S,Third,man,True,,Southampton,no,True,-0.9753910561964801,-0.4718018018960432
164,0,3,male,1.0,4,1,39.6875,S,Third,child,False,,Southampton,no,False,-2.2098588989536214,0.15282642728807924
165,1,3,male,9.0,0,2,20.525,S,Third,child,False,,Southampton,yes,False,-1.592624977575051,-0.23297336132564347
166,1,1,female,29.64209269662921,0,1,55.0,S,First,woman,False,E,Southampton,yes,False,-5.482138488753303e-16,0.46111392960498093
167,0,3,female,45.0,1,4,27.9,S,Third,woman,False,,Southampton,no,False,1.1849276686285175,-0.08449203367913571
168,0,1,male,29.64209269662921,0,0,25.925,S,First,man,True,,Southampton,no,True,-5.482138488753303e-16,-0.12425482989633606
169,0,3,male,28.0,0,0,56.4958,S,Third,man,True,,Southampton,no,True,-0.12669441430094538,0.4912289628108992
170,0,1,male,61.0,0,0,33.5,S,First,man,True,B,Southampton,no,True,2.419395511385659,0.02825311002533122
171,0,3,male,4.0,4,1,29.125,Q,Third,child,False,,Queenstown,no,False,-1.9783961784366575,-0.05982903349378355
172,1,3,female,1.0,1,1,11.1333,S,Third,child,False,,Southampton,yes,False,-2.2098588989536214,-0.4220570338487224
173,0,3,male,21.0,0,0,7.925,S,Third,man,True,,Southampton,no,True,-0.6667740955071948,-0.48664993466069395
174,0,1,male,56.0,0,0,30.6958,C,First,man,True,A,Cherbourg,no,True,2.0336243105240523,-0.028204020684680614
175,0,3,male,18.0,1,1,7.8542,S,Third,man,True,,Southampton,no,False,-0.8982368160241588,-0.4880753554061005
176,0,3,male,29.64209269662921,3,1,25.4667,S,Third,man,True,,Southampton,no,False,-5.482138488753303e-16,-0.13348181192486414
177,0,1,female,50.0,0,0,28.7125,C,First,woman,False,C,Cherbourg,no,True,1.570698869490124,-0.06813392131130011
178,0,2,male,30.0,0,0,13.0,S,Second,man,True,,Southampton,no,True,0.027614066043697313,-0.38447464817852084
179,0,3,male,36.0,0,0,0.0,S,Third,man,True,,Southampton,no,True,0.49053950707762534,-0.6462044460638905
180,0,3,female,29.64209269662921,8,2,69.55,S,Third,woman,False,,Southampton,no,False,-5.482138488753303e-16,0.7540499726228369
181,0,2,male,29.64209269662921,0,0,15.05,C,Second,man,True,,Cherbourg,no,True,-5.482138488753303e-16,-0.34320187235813565
182,0,3,male,9.0,4,2,31.3875,S,Third,child,False,,Southampton,no,False,-1.592624977575051,-0.014277982131041355
183,1,2,male,1.0,2,1,39.0,S,Second,child,False,F,Southampton,yes,False,-2.2098588989536214,0.13898494759221836
184,1,3,female,4.0,0,2,22.025,S,Third,child,False,,Southampton,yes,False,-1.9783961784366575,-0.20277376926194698
185,0,1,male,29.64209269662921,0,0,50.0,S,First,man,True,A,Southampton,no,True,-5.482138488753303e-16,0.36044862272599265
186,1,3,female,29.64209269662921,1,0,15.5,Q,Third,woman,False,,Queenstown,yes,False,-5.482138488753303e-16,-0.33414199473902667
187,1,1,male,45.0,0,0,26.55,S,First,man,True,,Southampton,yes,True,1.1849276686285175,-0.11167166653646252
188,0,3,male,40.0,1,1,15.5,Q,Third,man,True,,Queenstown,no,False,0.7991564677669107,-0.33414199473902667
189,0,3,male,36.0,0,0,7.8958,S,Third,man,True,,Southampton,no,True,0.49053950707762534,-0.48723782005286725
190,1,2,female,32.0,0,0,13.0,S,Second,woman,False,,Southampton,yes,True,0.18192254638834,-0.38447464817852084
191,0,2,male,19.0,0,0,13.0,S,Second,man,True,,Southampton,no,True,-0.8210825758518374,-0.38447464817852084
192,1,3,female,19.0,1,0,7.8542,S,Third,woman,False,,Southampton,yes,False,-0.8210825758518374,-0.4880753554061005
193,1,2,male,3.0,1,1,26.0,S,Second,child,False,F,Southampton,yes,False,-2.055550418608979,-0.12274485029315124
194,1,1,female,44.0,0,0,27.7208,C,First,woman,False,B,Cherbourg,yes,True,1.1077734284561962,-0.08809987827767862
195,1,1,female,58.0,0,0,146.5208,C,First,woman,False,B,Cherbourg,yes,True,2.187932790868695,2.3037078131670836
196,0,3,male,29.64209269662921,0,0,7.75,Q,Third,man,True,,Queenstown,no,True,-5.482138488753303e-16,-0.49017322040145855
197,0,3,male,42.0,0,1,8.4042,S,Third,man,True,,Southampton,no,False,0.9534649481115534,-0.4770021716494118
198,1,3,female,29.64209269662921,0,0,7.75,Q,Third,woman,False,,Queenstown,yes,True,-5.482138488753303e-16,-0.49017322040145855
199,0,2,female,24.0,0,0,13.0,S,Second,woman,False,,Southampton,no,True,-0.43531137499023076,-0.38447464817852084
200,0,3,male,28.0,0,0,9.5,S,Third,man,True,,Southampton,no,True,-0.12669441430094538,-0.4549403629938127
201,0,3,male,29.64209269662921,8,2,69.55,S,Third,man,True,,Southampton,no,False,-5.482138488753303e-16,0.7540499726228369
202,0,3,male,34.0,0,0,6.4958,S,Third,man,True,,Southampton,no,True,0.33623102673298266,-0.515424105978984
203,0,3,male,45.5,0,0,7.225,C,Third,man,True,,Cherbourg,no,True,1.2235047887146782,-0.5007430776237524
204,1,3,male,18.0,0,0,8.05,S,Third,man,True,,Southampton,yes,True,-0.8982368160241588,-0.4841333019887193
205,0,3,female,2.0,0,1,10.4625,S,Third,child,False,G,Southampton,no,False,-2.1327046587813,-0.43556229141960745
206,0,3,male,32.0,1,0,15.85,S,Third,man,True,,Southampton,no,False,0.18192254638834,-0.32709542325749746
207,1,3,male,26.0,0,0,18.7875,C,Third,man,True,,Cherbourg,yes,True,-0.28100289464558803,-0.26795455546609187
208,1,3,female,16.0,0,0,7.75,Q,Third,woman,False,,Queenstown,yes,True,-1.0525452963688016,-0.49017322040145855
209,1,1,male,40.0,0,0,31.0,C,First,man,True,A,Cherbourg,yes,True,0.7991564677669107,-0.022079543414162937
210,0,3,male,24.0,0,0,7.05,S,Third,man,True,,Southampton,no,True,-0.43531137499023076,-0.5042663633645169
211,1,2,female,35.0,0,0,21.0,S,Second,woman,False,,Southampton,yes,True,0.413385266905304,-0.22341015717213955
212,0,3,male,22.0,0,0,7.25,S,Third,man,True,,Southampton,no,True,-0.5896198553348734,-0.5002397510893574
213,0,2,male,30.0,0,0,13.0,S,Second,man,True,,Southampton,no,True,0.027614066043697313,-0.38447464817852084
214,0,3,male,29.64209269662921,1,0,7.75,Q,Third,man,True,,Queenstown,no,False,-5.482138488753303e-16,-0.49017322040145855
215,1,1,female,31.0,1,0,113.275,C,First,woman,False,D,Cherbourg,yes,False,0.10476830621601865,1.6343680812795898
216,1,3,female,27.0,0,0,7.925,S,Third,woman,False,,Southampton,yes,True,-0.20384865447326672,-0.48664993466069395
217,0,2,male,42.0,1,0,27.0,S,Second,man,True,,Southampton,no,False,0.9534649481115534,-0.10261178891735358
218,1,1,female,32.0,0,0,76.2917,C,First,woman,False,D,Cherbourg,yes,True,0.18192254638834,0.8897810325000521
219,0,2,male,30.0,0,0,10.5,S,Second,man,True,,Southampton,no,True,0.027614066043697313,-0.434807301618015
220,1,3,male,16.0,0,0,8.05,S,Third,man,True,,Southampton,yes,True,-1.0525452963688016,-0.4841333019887193
221,0,2,male,27.0,0,0,13.0,S,Second,man,True,,Southampton,no,True,-0.20384865447326672,-0.38447464817852084
222,0,3,male,51.0,0,0,8.05,S,Third,man,True,,Southampton,no,True,1.6478531096624456,-0.4841333019887193
223,0,3,male,29.64209269662921,0,0,7.8958,S,Third,man,True,,Southampton,no,True,-5.482138488753303e-16,-0.48723782005286725
224,1,1,male,38.0,1,0,90.0,S,First,man,True,C,Southampton,yes,False,0.644847987422268,1.1657710777578991
225,0,3,male,22.0,0,0,9.35,S,Third,man,True,,Southampton,no,True,-0.5896198553348734,-0.4579603222001823
226,1,2,male,19.0,0,0,10.5,S,Second,man,True,,Southampton,yes,True,-0.8210825758518374,-0.434807301618015
227,0,3,male,20.5,0,0,7.25,S,Third,man,True,,Southampton,no,True,-0.7053512155933555,-0.5002397510893574
228,0,2,male,18.0,0,0,13.0,S,Second,man,True,,Southampton,no,True,-0.8982368160241588,-0.38447464817852084
229,0,3,female,29.64209269662921,3,1,25.4667,S,Third,woman,False,,Southampton,no,False,-5.482138488753303e-16,-0.13348181192486414
230,1,1,female,35.0,1,0,83.475,S,First,woman,False,C,Southampton,yes,False,0.413385266905304,1.0344028522808193
231,0,3,male,29.0,0,0,7.775,S,Third,man,True,,Southampton,no,True,-0.04954017412862403,-0.48966989386706367
232,0,2,male,59.0,0,0,13.5,S,Second,man,True,,Southampton,no,True,2.2650870310410163,-0.374408117490622
233,1,3,female,5.0,4,2,31.3875,S,Third,child,False,,Southampton,yes,False,-1.9012419382643362,-0.014277982131041355
234,0,2,male,24.0,0,0,10.5,S,Second,man,True,,Southampton,no,True,-0.43531137499023076,-0.434807301618015
235,0,3,female,29.64209269662921,0,0,7.55,S,Third,woman,False,,Southampton,no,True,-5.482138488753303e-16,-0.4941998326766181
236,0,2,male,44.0,1,0,26.0,S,Second,man,True,,Southampton,no,False,1.1077734284561962,-0.12274485029315124
237,1,2,female,8.0,0,2,26.25,S,Second,child,False,,Southampton,yes,False,-1.6697792177473723,-0.11771158494920184
238,0,2,male,19.0,0,0,10.5,S,Second,man,True,,Southampton,no,True,-0.8210825758518374,-0.434807301618015
239,0,2,male,33.0,0,0,12.275,S,Second,man,True,,Southampton,no,True,0.25907678656066135,-0.3990711176759742
240,0,3,female,29.64209269662921,1,0,14.4542,C,Third,woman,False,,Cherbourg,no,False,-5.482138488753303e-16,-0.3551971503258359
241,1,3,female,29.64209269662921,1,0,15.5,Q,Third,woman,False,,Queenstown,yes,False,-5.482138488753303e-16,-0.33414199473902667
242,0,2,male,29.0,0,0,10.5,S,Second,man,True,,Southampton,no,True,-0.04954017412862403,-0.434807301618015
243,0,3,male,22.0,0,0,7.125,S,Third,man,True,,Southampton,no,True,-0.5896198553348734,-0.5027563837613321
244,0,3,male,30.0,0,0,7.225,C,Third,man,True,,Cherbourg,no,True,0.027614066043697313,-0.5007430776237524
245,0,1,male,44.0,2,0,90.0,Q,First,man,True,C,Queenstown,no,False,1.1077734284561962,1.1657710777578991
246,0,3,female,25.0,0,0,7.775,S,Third,woman,False,,Southampton,no,True,-0.3581571348179094,-0.48966989386706367
247,1,2,female,24.0,0,2,14.5,S,Second,woman,False,,Southampton,yes,False,-0.43531137499023076,-0.35427505611482435
248,1,1,male,37.0,1,1,52.5542,S,First,man,True,D,Southampton,yes,False,0.5676937472499467,0.41187248809205507
249,0,2,male,54.0,1,0,26.0,S,Second,man,True,,Southampton,no,False,1.8793158301794095,-0.12274485029315124
250,0,3,male,29.64209269662921,0,0,7.25,S,Third,man,True,,Southampton,no,True,-5.482138488753303e-16,-0.5002397510893574
251,0,3,female,29.0,1,1,10.4625,S,Third,woman,False,G,Southampton,no,False,-0.04954017412862403,-0.43556229141960745
252,0,1,male,62.0,0,0,26.55,S,First,man,True,C,Southampton,no,True,2.4965497515579798,-0.11167166653646252
253,0,3,male,30.0,1,0,16.1,S,Third,man,True,,Southampton,no,False,0.027614066043697313,-0.3220621579135481
254,0,3,female,41.0,0,2,20.2125,S,Third,woman,False,,Southampton,no,False,0.876310707939232,-0.23926494300558024
255,1,3,female,29.0,0,2,15.2458,C,Third,woman,False,,Cherbourg,yes,False,-0.04954017412862403,-0.33925981894075447
256,1,1,female,29.64209269662921,0,0,79.2,C,First,woman,False,,Cherbourg,yes,True,-5.482138488753303e-16,0.9483340148992845
257,1,1,female,30.0,0,0,86.5,S,First,woman,False,B,Southampton,yes,True,0.027614066043697313,1.0953053629426073
258,1,1,female,35.0,0,0,512.3292,C,First,woman,False,,Cherbourg,yes,True,0.413385266905304,9.668550782149426
259,1,2,female,50.0,0,1,26.0,S,Second,woman,False,,Southampton,yes,False,1.570698869490124,-0.12274485029315124
260,0,3,male,29.64209269662921,0,0,7.75,Q,Third,man,True,,Queenstown,no,True,-5.482138488753303e-16,-0.49017322040145855
261,1,3,male,3.0,4,2,31.3875,S,Third,child,False,,Southampton,yes,False,-2.055550418608979,-0.014277982131041355
262,0,1,male,52.0,1,1,79.65,S,First,man,True,E,Southampton,no,False,1.725007349834767,0.9573938925183935
263,0,1,male,40.0,0,0,0.0,S,First,man,True,B,Southampton,no,True,0.7991564677669107,-0.6462044460638905
264,0,3,female,29.64209269662921,0,0,7.75,Q,Third,woman,False,,Queenstown,no,True,-5.482138488753303e-16,-0.49017322040145855
265,0,2,male,36.0,0,0,10.5,S,Second,man,True,,Southampton,no,True,0.49053950707762534,-0.434807301618015
266,0,3,male,16.0,4,1,39.6875,S,Third,man,True,,Southampton,no,False,-1.0525452963688016,0.15282642728807924
267,1,3,male,25.0,1,0,7.775,S,Third,man,True,,Southampton,yes,False,-0.3581571348179094,-0.48966989386706367
268,1,1,female,58.0,0,1,153.4625,S,First,woman,False,C,Southampton,yes,False,2.187932790868695,2.443465485319458
269,1,1,female,35.0,0,0,135.6333,S,First,woman,False,C,Southampton,yes,True,0.413385266905304,2.084509107438086
270,0,1,male,29.64209269662921,0,0,31.0,S,First,man,True,,Southampton,no,True,-5.482138488753303e-16,-0.022079543414162937
271,1,3,male,25.0,0,0,0.0,S,Third,man,True,,Southampton,yes,True,-0.3581571348179094,-0.6462044460638905
272,1,2,female,41.0,0,1,19.5,S,Second,woman,False,,Southampton,yes,False,0.876310707939232,-0.25360974923583607
273,0,1,male,37.0,0,1,29.7,C,First,man,True,C,Cherbourg,no,False,0.5676937472499467,-0.04825252320269991
274,1,3,female,29.64209269662921,0,0,7.75,Q,Third,woman,False,,Queenstown,yes,True,-5.482138488753303e-16,-0.49017322040145855
275,1,1,female,63.0,1,0,77.9583,S,First,woman,False,D,Southampton,yes,False,2.5737039917303015,0.9233347925889563
276,0,3,female,45.0,0,0,7.75,S,Third,woman,False,,Southampton,no,True,1.1849276686285175,-0.49017322040145855
277,0,2,male,29.64209269662921,0,0,0.0,S,Second,man,True,,Southampton,no,True,-5.482138488753303e-16,-0.6462044460638905
278,0,3,male,7.0,4,1,29.125,Q,Third,child,False,,Queenstown,no,False,-1.7469334579196936,-0.05982903349378355
279,1,3,female,35.0,1,1,20.25,S,Third,woman,False,,Southampton,yes,False,0.413385266905304,-0.2385099532039878
280,0,3,male,65.0,0,0,7.75,Q,Third,man,True,,Queenstown,no,True,2.728012472074944,-0.49017322040145855
281,0,3,male,28.0,0,0,7.8542,S,Third,man,True,,Southampton,no,True,-0.12669441430094538,-0.4880753554061005
282,0,3,male,16.0,0,0,9.5,S,Third,man,True,,Southampton,no,True,-1.0525452963688016,-0.4549403629938127
283,1,3,male,19.0,0,0,8.05,S,Third,man,True,,Southampton,yes,True,-0.8210825758518374,-0.4841333019887193
284,0,1,male,29.64209269662921,0,0,26.0,S,First,man,True,A,Southampton,no,True,-5.482138488753303e-16,-0.12274485029315124
285,0,3,male,33.0,0,0,8.6625,C,Third,man,True,,Cherbourg,no,True,0.25907678656066135,-0.4718018018960432
286,1,3,male,30.0,0,0,9.5,S,Third,man,True,,Southampton,yes,True,0.027614066043697313,-0.4549403629938127
287,0,3,male,22.0,0,0,7.8958,S,Third,man,True,,Southampton,no,True,-0.5896198553348734,-0.48723782005286725
288,1,2,male,42.0,0,0,13.0,S,Second,man,True,,Southampton,yes,True,0.9534649481115534,-0.38447464817852084
289,1,3,female,22.0,0,0,7.75,Q,Third,woman,False,,Queenstown,yes,True,-0.5896198553348734,-0.49017322040145855
290,1,1,female,26.0,0,0,78.85,S,First,woman,False,,Southampton,yes,True,-0.28100289464558803,0.941287443417755
291,1,1,female,19.0,1,0,91.0792,C,First,woman,False,B,Cherbourg,yes,False,-0.8210825758518374,1.1874986775946599
292,0,2,male,36.0,0,0,12.875,C,Second,man,True,D,Cherbourg,no,True,0.49053950707762534,-0.38699128085049556
293,0,3,female,24.0,0,0,8.85,S,Third,woman,False,,Southampton,no,True,-0.43531137499023076,-0.4680268528880811
294,0,3,male,24.0,0,0,7.8958,S,Third,man,True,,Southampton,no,True,-0.43531137499023076,-0.48723782005286725
295,0,1,male,29.64209269662921,0,0,27.7208,C,First,man,True,,Cherbourg,no,True,-5.482138488753303e-16,-0.08809987827767862
296,0,3,male,23.5,0,0,7.2292,C,Third,man,True,,Cherbourg,no,True,-0.4738884950763914,-0.500658518765974
297,0,1,female,2.0,1,2,151.55,S,First,child,False,C,Southampton,no,False,-2.1327046587813,2.404961005438245
298,1,1,male,29.64209269662921,0,0,30.5,S,First,man,True,C,Southampton,yes,True,-5.482138488753303e-16,-0.032146074102061765
299,1,1,female,50.0,0,1,247.5208,C,First,woman,False,B,Cherbourg,yes,False,1.570698869490124,4.337147012122648
300,1,3,female,29.64209269662921,0,0,7.75,Q,Third,woman,False,,Queenstown,yes,True,-5.482138488753303e-16,-0.49017322040145855
301,1,3,male,29.64209269662921,2,0,23.25,Q,Third,man,True,,Queenstown,yes,False,-5.482138488753303e-16,-0.17811076907659482
302,0,3,male,19.0,0,0,0.0,S,Third,man,True,,Southampton,no,True,-0.8210825758518374,-0.6462044460638905
303,1,2,female,29.64209269662921,0,0,12.35,Q,Second,woman,False,E,Queenstown,yes,True,-5.482138488753303e-16,-0.3975611380727893
304,0,3,male,29.64209269662921,0,0,8.05,S,Third,man,True,,Southampton,no,True,-5.482138488753303e-16,-0.4841333019887193
305,1,1,male,0.92,1,2,151.55,S,First,child,False,C,Southampton,yes,False,-2.216031238167407,2.404961005438245
306,1,1,female,29.64209269662921,0,0,110.8833,C,First,woman,False,,Cherbourg,yes,True,-5.482138488753303e-16,1.5862158383870948
307,1,1,female,17.0,1,0,108.9,C,First,woman,False,C,Cherbourg,yes,False,-0.9753910561964801,1.546285937760475
308,0,2,male,30.0,1,0,24.0,C,Second,man,True,,Cherbourg,no,False,0.027614066043697313,-0.16301097304474657
309,1,1,female,30.0,0,0,56.9292,C,First,woman,False,E,Cherbourg,yes,True,0.027614066043697313,0.4999546316111698
310,1,1,female,24.0,0,0,83.1583,C,First,woman,False,C,Cherbourg,yes,True,-0.43531137499023076,1.0280267117431041
311,1,1,female,18.0,2,2,262.375,C,First,woman,False,B,Cherbourg,yes,False,-0.8982368160241588,4.636207532411021
312,0,2,female,26.0,1,1,26.0,S,Second,woman,False,,Southampton,no,False,-0.28100289464558803,-0.12274485029315124
313,0,3,male,28.0,0,0,7.8958,S,Third,man,True,,Southampton,no,True,-0.12669441430094538,-0.48723782005286725
314,0,2,male,43.0,1,1,26.25,S,Second,man,True,,Southampton,no,False,1.0306191882838747,-0.11771158494920184
315,1,3,female,26.0,0,0,7.8542,S,Third,woman,False,,Southampton,yes,True,-0.28100289464558803,-0.4880753554061005
316,1,2,female,24.0,1,0,26.0,S,Second,woman,False,,Southampton,yes,False,-0.43531137499023076,-0.12274485029315124
317,0,2,male,54.0,0,0,14.0,S,Second,man,True,,Southampton,no,True,1.8793158301794095,-0.36434158680272316
318,1,1,female,31.0,0,2,164.8667,S,First,woman,False,C,Southampton,yes,False,0.10476830621601865,2.67306694386133
319,1,1,female,40.0,1,1,134.5,C,First,woman,False,E,Cherbourg,yes,False,0.7991564677669107,2.061692308980895
320,0,3,male,22.0,0,0,7.25,S,Third,man,True,,Southampton,no,True,-0.5896198553348734,-0.5002397510893574
321,0,3,male,27.0,0,0,7.8958,S,Third,man,True,,Southampton,no,True,-0.20384865447326672,-0.48723782005286725
322,1,2,female,30.0,0,0,12.35,Q,Second,woman,False,,Queenstown,yes,True,0.027614066043697313,-0.3975611380727893
323,1,2,female,22.0,1,1,29.0,S,Second,woman,False,,Southampton,yes,False,-0.5896198553348734,-0.06234566616575826
324,0,3,male,29.64209269662921,8,2,69.55,S,Third,man,True,,Southampton,no,False,-5.482138488753303e-16,0.7540499726228369
325,1,1,female,36.0,0,0,135.6333,C,First,woman,False,C,Cherbourg,yes,True,0.49053950707762534,2.084509107438086
326,0,3,male,61.0,0,0,6.2375,S,Third,man,True,,Southampton,no,True,2.419395511385659,-0.5206244757323525
327,1,2,female,36.0,0,0,13.0,S,Second,woman,False,D,Southampton,yes,True,0.49053950707762534,-0.38447464817852084
328,1,3,female,31.0,1,1,20.525,S,Third,woman,False,,Southampton,yes,False,0.10476830621601865,-0.23297336132564347
329,1,1,female,16.0,0,1,57.9792,C,First,woman,False,B,Cherbourg,yes,False,-1.0525452963688016,0.5210943460557573
330,1,3,female,29.64209269662921,2,0,23.25,Q,Third,woman,False,,Queenstown,yes,False,-5.482138488753303e-16,-0.17811076907659482
331,0,1,male,45.5,0,0,28.5,S,First,man,True,C,Southampton,no,True,1.2235047887146782,-0.07241219685365709
332,0,1,male,38.0,0,1,153.4625,S,First,man,True,C,Southampton,no,False,0.644847987422268,2.443465485319458
333,0,3,male,16.0,2,0,18.0,S,Third,man,True,,Southampton,no,False,-1.0525452963688016,-0.28380934129953256
334,1,1,female,29.64209269662921,1,0,133.65,S,First,woman,False,,Southampton,yes,False,-5.482138488753303e-16,2.044579206811467
335,0,3,male,29.64209269662921,0,0,7.8958,S,Third,man,True,,Southampton,no,True,-5.482138488753303e-16,-0.48723782005286725
336,0,1,male,29.0,1,0,66.6,S,First,man,True,C,Southampton,no,False,-0.04954017412862403,0.6946574415642337
337,1,1,female,41.0,0,0,134.5,C,First,woman,False,E,Cherbourg,yes,True,0.876310707939232,2.061692308980895
338,1,3,male,45.0,0,0,8.05,S,Third,man,True,,Southampton,yes,True,1.1849276686285175,-0.4841333019887193
339,0,1,male,45.0,0,0,35.5,S,First,man,True,,Southampton,no,True,1.1849276686285175,0.06851923277692655
340,1,2,male,2.0,1,1,26.0,S,Second,child,False,F,Southampton,yes,False,-2.1327046587813,-0.12274485029315124
341,1,1,female,24.0,3,2,263.0,S,First,woman,False,C,Southampton,yes,False,-0.43531137499023076,4.648790695770894
342,0,2,male,28.0,0,0,13.0,S,Second,man,True,,Southampton,no,True,-0.12669441430094538,-0.38447464817852084
343,0,2,male,25.0,0,0,13.0,S,Second,man,True,,Southampton,no,True,-0.3581571348179094,-0.38447464817852084
344,0,2,male,36.0,0,0,13.0,S,Second,man,True,,Southampton,no,True,0.49053950707762534,-0.38447464817852084
345,1,2,female,24.0,0,0,13.0,S,Second,woman,False,F,Southampton,yes,True,-0.43531137499023076,-0.38447464817852084
346,1,2,female,40.0,0,0,13.0,S,Second,woman,False,,Southampton,yes,True,0.7991564677669107,-0.38447464817852084
347,1,3,female,29.64209269662921,1,0,16.1,S,Third,woman,False,,Southampton,yes,False,-5.482138488753303e-16,-0.3220621579135481
348,1,3,male,3.0,1,1,15.9,S,Third,child,False,,Southampton,yes,False,-2.055550418608979,-0.32608877018870763
349,0,3,male,42.0,0,0,8.6625,S,Third,man,True,,Southampton,no,True,0.9534649481115534,-0.4718018018960432
350,0,3,male,23.0,0,0,9.225,S,Third,man,True,,Southampton,no,True,-0.5124656151625521,-0.460476954872157
351,0,1,male,29.64209269662921,0,0,35.0,S,First,man,True,C,Southampton,no,True,-5.482138488753303e-16,0.05845270208902771
352,0,3,male,15.0,1,1,7.2292,C,Third,child,False,,Cherbourg,no,False,-1.1296995365411229,-0.500658518765974
353,0,3,male,25.0,1,0,17.8,S,Third,man,True,,Southampton,no,False,-0.3581571348179094,-0.28783595357469205
354,0,3,male,29.64209269662921,0,0,7.225,C,Third,man,True,,Cherbourg,no,True,-5.482138488753303e-16,-0.5007430776237524
355,0,3,male,28.0,0,0,9.5,S,Third,man,True,,Southampton,no,True,-0.12669441430094538,-0.4549403629938127
356,1,1,female,22.0,0,1,55.0,S,First,woman,False,E,Southampton,yes,False,-0.5896198553348734,0.46111392960498093
357,0,2,female,38.0,0,0,13.0,S,Second,woman,False,,Southampton,no,True,0.644847987422268,-0.38447464817852084
358,1,3,female,29.64209269662921,0,0,7.8792,Q,Third,woman,False,,Queenstown,yes,True,-5.482138488753303e-16,-0.4875720288717055
359,1,3,female,29.64209269662921,0,0,7.8792,Q,Third,woman,False,,Queenstown,yes,True,-5.482138488753303e-16,-0.4875720288717055
360,0,3,male,40.0,1,4,27.9,S,Third,man,True,,Southampton,no,False,0.7991564677669107,-0.08449203367913571
361,0,2,male,29.0,1,0,27.7208,C,Second,man,True,,Cherbourg,no,False,-0.04954017412862403,-0.08809987827767862
362,0,3,female,45.0,0,1,14.4542,C,Third,woman,False,,Cherbourg,no,False,1.1849276686285175,-0.3551971503258359
363,0,3,male,35.0,0,0,7.05,S,Third,man,True,,Southampton,no,True,0.413385266905304,-0.5042663633645169
364,0,3,male,29.64209269662921,1,0,15.5,Q,Third,man,True,,Queenstown,no,False,-5.482138488753303e-16,-0.33414199473902667
365,0,3,male,30.0,0,0,7.25,S,Third,man,True,,Southampton,no,True,0.027614066043697313,-0.5002397510893574
366,1,1,female,60.0,1,0,75.25,C,First,woman,False,D,Cherbourg,yes,False,2.3422412712133376,0.8688084224648837
367,1,3,female,29.64209269662921,0,0,7.2292,C,Third,woman,False,,Cherbourg,yes,True,-5.482138488753303e-16,-0.500658518765974
368,1,3,female,29.64209269662921,0,0,7.75,Q,Third,woman,False,,Queenstown,yes,True,-5.482138488753303e-16,-0.49017322040145855
369,1,1,female,24.0,0,0,69.3,C,First,woman,False,B,Cherbourg,yes,True,-0.43531137499023076,0.7490167072788875
370,1,1,male,25.0,1,0,55.4417,C,First,man,True,E,Cherbourg,yes,False,-0.3581571348179094,0.4700067028146707
371,0,3,male,18.0,1,0,6.4958,S,Third,man,True,,Southampton,no,False,-0.8982368160241588,-0.515424105978984
372,0,3,male,19.0,0,0,8.05,S,Third,man,True,,Southampton,no,True,-0.8210825758518374,-0.4841333019887193
373,0,1,male,22.0,0,0,135.6333,C,First,man,True,,Cherbourg,no,True,-0.5896198553348734,2.084509107438086
374,0,3,female,3.0,3,1,21.075,S,Third,child,False,,Southampton,no,False,-2.055550418608979,-0.22190017756895475
375,1,1,female,29.64209269662921,1,0,82.1708,C,First,woman,False,,Cherbourg,yes,False,-5.482138488753303e-16,1.008145313634504
376,1,3,female,22.0,0,0,7.25,S,Third,woman,False,,Southampton,yes,True,-0.5896198553348734,-0.5002397510893574
377,0,1,male,27.0,0,2,211.5,C,First,man,True,C,Cherbourg,no,False,-0.20384865447326672,3.6119380349173147
378,0,3,male,20.0,0,0,4.0125,C,Third,man,True,,Cherbourg,no,True,-0.7439283356795161,-0.5654205372935024
379,0,3,male,19.0,0,0,7.775,S,Third,man,True,,Southampton,no,True,-0.8210825758518374,-0.48966989386706367
380,1,1,female,42.0,0,0,227.525,C,First,woman,False,,Cherbourg,yes,True,0.9534649481115534,3.9345703434644728
381,1,3,female,1.0,0,2,15.7417,C,Third,child,False,,Cherbourg,yes,False,-2.2098588989536214,-0.3292758338044964
382,0,3,male,32.0,0,0,7.925,S,Third,man,True,,Southampton,no,True,0.18192254638834,-0.48664993466069395
383,1,1,female,35.0,1,0,52.0,S,First,woman,False,,Southampton,yes,False,0.413385266905304,0.40071474547758795
384,0,3,male,29.64209269662921,0,0,7.8958,S,Third,man,True,,Southampton,no,True,-5.482138488753303e-16,-0.48723782005286725
385,0,2,male,18.0,0,0,73.5,S,Second,man,True,,Southampton,no,True,-0.8982368160241588,0.8335755650572377
386,0,3,male,1.0,5,2,46.9,S,Third,child,False,,Southampton,no,False,-2.2098588989536214,0.29803613246101984
387,1,2,female,36.0,0,0,13.0,S,Second,woman,False,,Southampton,yes,True,0.49053950707762534,-0.38447464817852084
388,0,3,male,29.64209269662921,0,0,7.7292,Q,Third,man,True,,Queenstown,no,True,-5.482138488753303e-16,-0.4905919880780752
389,1,2,female,17.0,0,0,12.0,C,Second,woman,False,,Cherbourg,yes,True,-0.9753910561964801,-0.4046077095543185
390,1,1,male,36.0,1,2,120.0,S,First,man,True,B,Southampton,yes,False,0.49053950707762534,1.769762919031829
391,1,3,male,21.0,0,0,7.7958,S,Third,man,True,,Southampton,yes,True,-0.6667740955071948,-0.489251126190447
392,0,3,male,28.0,2,0,7.925,S,Third,man,True,,Southampton,no,False,-0.12669441430094538,-0.48664993466069395
393,1,1,female,23.0,1,0,113.275,C,First,woman,False,D,Cherbourg,yes,False,-0.5124656151625521,1.6343680812795898
394,1,3,female,24.0,0,2,16.7,S,Third,woman,False,G,Southampton,yes,False,-0.43531137499023076,-0.3099823210880695
395,0,3,male,22.0,0,0,7.7958,S,Third,man,True,,Southampton,no,True,-0.5896198553348734,-0.489251126190447
396,0,3,female,31.0,0,0,7.8542,S,Third,woman,False,,Southampton,no,True,0.10476830621601865,-0.4880753554061005
397,0,2,male,46.0,0,0,26.0,S,Second,man,True,,Southampton,no,True,1.2620819088008388,-0.12274485029315124
398,0,2,male,23.0,0,0,10.5,S,Second,man,True,,Southampton,no,True,-0.5124656151625521,-0.434807301618015
399,1,2,female,28.0,0,0,12.65,S,Second,woman,False,,Southampton,yes,True,-0.12669441430094538,-0.39152121966005005
400,1,3,male,39.0,0,0,7.925,S,Third,man,True,,Southampton,yes,True,0.7220022275945894,-0.48664993466069395
401,0,3,male,26.0,0,0,8.05,S,Third,man,True,,Southampton,no,True,-0.28100289464558803,-0.4841333019887193
402,0,3,female,21.0,1,0,9.825,S,Third,woman,False,,Southampton,no,False,-0.6667740955071948,-0.4483971180466784
403,0,3,male,28.0,1,0,15.85,S,Third,man,True,,Southampton,no,False,-0.12669441430094538,-0.32709542325749746
404,0,3,female,20.0,0,0,8.6625,S,Third,woman,False,,Southampton,no,True,-0.7439283356795161,-0.4718018018960432
405,0,2,male,34.0,1,0,21.0,S,Second,man,True,,Southampton,no,False,0.33623102673298266,-0.22341015717213955
406,0,3,male,51.0,0,0,7.75,S,Third,man,True,,Southampton,no,True,1.6478531096624456,-0.49017322040145855
407,1,2,male,3.0,1,1,18.75,S,Second,child,False,,Southampton,yes,False,-2.055550418608979,-0.2687095452676843
408,0,3,male,21.0,0,0,7.775,S,Third,man,True,,Southampton,no,True,-0.6667740955071948,-0.48966989386706367
409,0,3,female,29.64209269662921,3,1,25.4667,S,Third,woman,False,,Southampton,no,False,-5.482138488753303e-16,-0.13348181192486414
410,0,3,male,29.64209269662921,0,0,7.8958,S,Third,man,True,,Southampton,no,True,-5.482138488753303e-16,-0.48723782005286725
411,0,3,male,29.64209269662921,0,0,6.8583,Q,Third,man,True,,Queenstown,no,True,-5.482138488753303e-16,-0.5081258712302573
412,1,1,female,33.0,1,0,90.0,Q,First,woman,False,C,Queenstown,yes,False,0.25907678656066135,1.1657710777578991
413,0,2,male,29.64209269662921,0,0,0.0,S,Second,man,True,,Southampton,no,True,-5.482138488753303e-16,-0.6462044460638905
414,1,3,male,44.0,0,0,7.925,S,Third,man,True,,Southampton,yes,True,1.1077734284561962,-0.48664993466069395
415,0,3,female,29.64209269662921,0,0,8.05,S,Third,woman,False,,Southampton,no,True,-5.482138488753303e-16,-0.4841333019887193
416,1,2,female,34.0,1,1,32.5,S,Second,woman,False,,Southampton,yes,False,0.33623102673298266,0.008120048649533558
417,1,2,female,18.0,0,2,13.0,S,Second,woman,False,,Southampton,yes,False,-0.8982368160241588,-0.38447464817852084
418,0,2,male,30.0,0,0,13.0,S,Second,man,True,,Southampton,no,True,0.027614066043697313,-0.38447464817852084
419,0,3,female,10.0,0,2,24.15,S,Third,child,False,,Southampton,no,False,-1.5154707374027294,-0.15999101383837694
420,0,3,male,29.64209269662921,0,0,7.8958,C,Third,man,True,,Cherbourg,no,True,-5.482138488753303e-16,-0.48723782005286725
421,0,3,male,21.0,0,0,7.7333,Q,Third,man,True,,Queenstown,no,True,-0.6667740955071948,-0.4905094425264344
422,0,3,male,29.0,0,0,7.875,S,Third,man,True,,Southampton,no,True,-0.04954017412862403,-0.4876565877294839
423,0,3,female,28.0,1,1,14.4,S,Third,woman,False,,Southampton,no,False,-0.12669441430094538,-0.3562883622524042
424,0,3,male,18.0,1,1,20.2125,S,Third,man,True,,Southampton,no,False,-0.8982368160241588,-0.23926494300558024
425,0,3,male,29.64209269662921,0,0,7.25,S,Third,man,True,,Southampton,no,True,-5.482138488753303e-16,-0.5002397510893574
426,1,2,female,28.0,1,0,26.0,S,Second,woman,False,,Southampton,yes,False,-0.12669441430094538,-0.12274485029315124
427,1,2,female,19.0,0,0,26.0,S,Second,woman,False,,Southampton,yes,True,-0.8210825758518374,-0.12274485029315124
428,0,3,male,29.64209269662921,0,0,7.75,Q,Third,man,True,,Queenstown,no,True,-5.482138488753303e-16,-0.49017322040145855
429,1,3,male,32.0,0,0,8.05,S,Third,man,True,E,Southampton,yes,True,0.18192254638834,-0.4841333019887193
430,1,1,male,28.0,0,0,26.55,S,First,man,True,C,Southampton,yes,True,-0.12669441430094538,-0.11167166653646252
431,1,3,female,29.64209269662921,1,0,16.1,S,Third,woman,False,,Southampton,yes,False,-5.482138488753303e-16,-0.3220621579135481
432,1,2,female,42.0,1,0,26.0,S,Second,woman,False,,Southampton,yes,False,0.9534649481115534,-0.12274485029315124
433,0,3,male,17.0,0,0,7.125,S,Third,man,True,,Southampton,no,True,-0.9753910561964801,-0.5027563837613321
434,0,1,male,50.0,1,0,55.9,S,First,man,True,E,Southampton,no,False,1.570698869490124,0.47923368484319884
435,1,1,female,14.0,1,2,120.0,S,First,child,False,B,Southampton,yes,False,-1.2068537767134442,1.769762919031829
436,0,3,female,21.0,2,2,34.375,S,Third,woman,False,,Southampton,no,False,-0.6667740955071948,0.045869538729154176
437,1,2,female,24.0,2,3,18.75,S,Second,woman,False,,Southampton,yes,False,-0.43531137499023076,-0.2687095452676843
438,0,1,male,64.0,1,4,263.0,S,First,man,True,C,Southampton,no,False,2.650858231902623,4.648790695770894
439,0,2,male,31.0,0,0,10.5,S,Second,man,True,,Southampton,no,True,0.10476830621601865,-0.434807301618015
440,1,2,female,45.0,1,1,26.25,S,Second,woman,False,,Southampton,yes,False,1.1849276686285175,-0.11771158494920184
441,0,3,male,20.0,0,0,9.5,S,Third,man,True,,Southampton,no,True,-0.7439283356795161,-0.4549403629938127
442,0,3,male,25.0,1,0,7.775,S,Third,man,True,,Southampton,no,False,-0.3581571348179094,-0.48966989386706367
443,1,2,female,28.0,0,0,13.0,S,Second,woman,False,,Southampton,yes,True,-0.12669441430094538,-0.38447464817852084
444,1,3,male,29.64209269662921,0,0,8.1125,S,Third,man,True,,Southampton,yes,True,-5.482138488753303e-16,-0.4828749856527319
445,1,1,male,4.0,0,2,81.8583,S,First,child,False,A,Southampton,yes,False,-1.9783961784366575,1.0018537319545673
446,1,2,female,13.0,0,1,19.5,S,Second,child,False,,Southampton,yes,False,-1.2840080168857655,-0.25360974923583607
447,1,1,male,34.0,0,0,26.55,S,First,man,True,,Southampton,yes,True,0.33623102673298266,-0.11167166653646252
448,1,3,female,5.0,2,1,19.2583,C,Third,child,False,,Cherbourg,yes,False,-1.9012419382643362,-0.25847591017036636
449,1,1,male,52.0,0,0,30.5,S,First,man,True,C,Southampton,yes,True,1.725007349834767,-0.032146074102061765
450,0,2,male,36.0,1,2,27.75,S,Second,man,True,,Southampton,no,False,0.49053950707762534,-0.08751199288550533
451,0,3,male,29.64209269662921,1,0,19.9667,S,Third,man,True,,Southampton,no,False,-5.482138488753303e-16,-0.24421364949175128
452,0,1,male,30.0,0,0,27.75,C,First,man,True,C,Cherbourg,no,True,0.027614066043697313,-0.08751199288550533
453,1,1,male,49.0,1,0,89.1042,C,First,man,True,C,Cherbourg,yes,False,1.4935446293178027,1.1477358813774596
454,0,3,male,29.64209269662921,0,0,8.05,S,Third,man,True,,Southampton,no,True,-5.482138488753303e-16,-0.4841333019887193
455,1,3,male,29.0,0,0,7.8958,C,Third,man,True,,Cherbourg,yes,True,-0.04954017412862403,-0.48723782005286725
456,0,1,male,65.0,0,0,26.55,S,First,man,True,E,Southampton,no,True,2.728012472074944,-0.11167166653646252
457,1,1,female,29.64209269662921,1,0,51.8625,S,First,woman,False,D,Southampton,yes,False,-5.482138488753303e-16,0.39794644953841574
458,1,2,female,50.0,0,0,10.5,S,Second,woman,False,,Southampton,yes,True,1.570698869490124,-0.434807301618015
459,0,3,male,29.64209269662921,0,0,7.75,Q,Third,man,True,,Queenstown,no,True,-5.482138488753303e-16,-0.49017322040145855
460,1,1,male,48.0,0,0,26.55,S,First,man,True,E,Southampton,yes,True,1.4163903891454814,-0.11167166653646252
461,0,3,male,34.0,0,0,8.05,S,Third,man,True,,Southampton,no,True,0.33623102673298266,-0.4841333019887193
462,0,1,male,47.0,0,0,38.5,S,First,man,True,E,Southampton,no,True,1.3392361489731601,0.12891841690431952
463,0,2,male,48.0,0,0,13.0,S,Second,man,True,,Southampton,no,True,1.4163903891454814,-0.38447464817852084
464,0,3,male,29.64209269662921,0,0,8.05,S,Third,man,True,,Southampton,no,True,-5.482138488753303e-16,-0.4841333019887193
465,0,3,male,38.0,0,0,7.05,S,Third,man,True,,Southampton,no,True,0.644847987422268,-0.5042663633645169
466,0,2,male,29.64209269662921,0,0,0.0,S,Second,man,True,,Southampton,no,True,-5.482138488753303e-16,-0.6462044460638905
467,0,1,male,56.0,0,0,26.55,S,First,man,True,,Southampton,no,True,2.0336243105240523,-0.11167166653646252
468,0,3,male,29.64209269662921,0,0,7.725,Q,Third,man,True,,Queenstown,no,True,-5.482138488753303e-16,-0.4906765469358535
469,1,3,female,0.75,2,1,19.2583,C,Third,child,False,,Cherbourg,yes,False,-2.2291474589967017,-0.25847591017036636
470,0,3,male,29.64209269662921,0,0,7.25,S,Third,man,True,,Southampton,no,True,-5.482138488753303e-16,-0.5002397510893574
471,0,3,male,38.0,0,0,8.6625,S,Third,man,True,,Southampton,no,True,0.644847987422268,-0.4718018018960432
472,1,2,female,33.0,1,2,27.75,S,Second,woman,False,,Southampton,yes,False,0.25907678656066135,-0.08751199288550533
473,1,2,female,23.0,0,0,13.7917,C,Second,woman,False,D,Cherbourg,yes,True,-0.5124656151625521,-0.36853530348730185
474,0,3,female,22.0,0,0,9.8375,S,Third,woman,False,,Southampton,no,True,-0.5896198553348734,-0.448145454779481
475,0,1,male,29.64209269662921,0,0,52.0,S,First,man,True,A,Southampton,no,True,-5.482138488753303e-16,0.40071474547758795
476,0,2,male,34.0,1,0,21.0,S,Second,man,True,,Southampton,no,False,0.33623102673298266,-0.22341015717213955
477,0,3,male,29.0,1,0,7.0458,S,Third,man,True,,Southampton,no,False,-0.04954017412862403,-0.5043509222222953
478,0,3,male,22.0,0,0,7.5208,S,Third,man,True,,Southampton,no,True,-0.5896198553348734,-0.49478771806879135
479,1,3,female,2.0,0,1,12.2875,S,Third,child,False,,Southampton,yes,False,-2.1327046587813,-0.39881945440877664
480,0,3,male,9.0,5,2,46.9,S,Third,child,False,,Southampton,no,False,-1.592624977575051,0.29803613246101984
481,0,2,male,29.64209269662921,0,0,0.0,S,Second,man,True,,Southampton,no,True,-5.482138488753303e-16,-0.6462044460638905
482,0,3,male,50.0,0,0,8.05,S,Third,man,True,,Southampton,no,True,1.570698869490124,-0.4841333019887193
483,1,3,female,63.0,0,0,9.5875,S,Third,woman,False,,Southampton,yes,True,2.5737039917303015,-0.4531787201234304
484,1,1,male,25.0,1,0,91.0792,C,First,man,True,B,Cherbourg,yes,False,-0.3581571348179094,1.1874986775946599
485,0,3,female,29.64209269662921,3,1,25.4667,S,Third,woman,False,,Southampton,no,False,-5.482138488753303e-16,-0.13348181192486414
486,1,1,female,35.0,1,0,90.0,S,First,woman,False,C,Southampton,yes,False,0.413385266905304,1.1657710777578991
487,0,1,male,58.0,0,0,29.7,C,First,man,True,B,Cherbourg,no,True,2.187932790868695,-0.04825252320269991
488,0,3,male,30.0,0,0,8.05,S,Third,man,True,,Southampton,no,True,0.027614066043697313,-0.4841333019887193
489,1,3,male,9.0,1,1,15.9,S,Third,child,False,,Southampton,yes,False,-1.592624977575051,-0.32608877018870763
490,0,3,male,29.64209269662921,1,0,19.9667,S,Third,man,True,,Southampton,no,False,-5.482138488753303e-16,-0.24421364949175128
491,0,3,male,21.0,0,0,7.25,S,Third,man,True,,Southampton,no,True,-0.6667740955071948,-0.5002397510893574
492,0,1,male,55.0,0,0,30.5,S,First,man,True,C,Southampton,no,True,1.9564700703517308,-0.032146074102061765
493,0,1,male,71.0,0,0,49.5042,C,First,man,True,,Cherbourg,no,True,3.190937913108872,0.3504666508958721
494,0,3,male,21.0,0,0,8.05,S,Third,man,True,,Southampton,no,True,-0.6667740955071948,-0.4841333019887193
495,0,3,male,29.64209269662921,0,0,14.4583,C,Third,man,True,,Cherbourg,no,True,-5.482138488753303e-16,-0.3551146047741951
496,1,1,female,54.0,1,0,78.2667,C,First,woman,False,D,Cherbourg,yes,False,1.8793158301794095,0.9295438287172524
497,0,3,male,29.64209269662921,0,0,15.1,S,Third,man,True,,Southampton,no,True,-5.482138488753303e-16,-0.3421952192893457
498,0,1,female,25.0,1,2,151.55,S,First,woman,False,C,Southampton,no,False,-0.3581571348179094,2.404961005438245
499,0,3,male,24.0,0,0,7.7958,S,Third,man,True,,Southampton,no,True,-0.43531137499023076,-0.489251126190447
500,0,3,male,17.0,0,0,8.6625,S,Third,man,True,,Southampton,no,True,-0.9753910561964801,-0.4718018018960432
501,0,3,female,21.0,0,0,7.75,Q,Third,woman,False,,Queenstown,no,True,-0.6667740955071948,-0.49017322040145855
502,0,3,female,29.64209269662921,0,0,7.6292,Q,Third,woman,False,,Queenstown,no,True,-5.482138488753303e-16,-0.4926052942156549
503,0,3,female,37.0,0,0,9.5875,S,Third,woman,False,,Southampton,no,True,0.5676937472499467,-0.4531787201234304
504,1,1,female,16.0,0,0,86.5,S,First,woman,False,B,Southampton,yes,True,-1.0525452963688016,1.0953053629426073
505,0,1,male,18.0,1,0,108.9,C,First,man,True,C,Cherbourg,no,False,-0.8982368160241588,1.546285937760475
506,1,2,female,33.0,0,2,26.0,S,Second,woman,False,,Southampton,yes,False,0.25907678656066135,-0.12274485029315124
507,1,1,male,29.64209269662921,0,0,26.55,S,First,man,True,,Southampton,yes,True,-5.482138488753303e-16,-0.11167166653646252
508,0,3,male,28.0,0,0,22.525,S,Third,man,True,,Southampton,no,True,-0.12669441430094538,-0.19270723857404815
509,1,3,male,26.0,0,0,56.4958,S,Third,man,True,,Southampton,yes,True,-0.28100289464558803,0.4912289628108992
510,1,3,male,29.0,0,0,7.75,Q,Third,man,True,,Queenstown,yes,True,-0.04954017412862403,-0.49017322040145855
511,0,3,male,29.64209269662921,0,0,8.05,S,Third,man,True,,Southampton,no,True,-5.482138488753303e-16,-0.4841333019887193
512,1,1,male,36.0,0,0,26.2875,S,First,man,True,E,Southampton,yes,True,0.49053950707762534,-0.1169565951476094
513,1,1,female,54.0,1,0,59.4,C,First,woman,False,,Cherbourg,yes,False,1.8793158301794095,0.5496993996584907
514,0,3,male,24.0,0,0,7.4958,S,Third,man,True,,Southampton,no,True,-0.43531137499023076,-0.49529104460318635
515,0,1,male,47.0,0,0,34.0208,S,First,man,True,D,Southampton,no,True,1.3392361489731601,0.03873840838984667
516,1,2,female,34.0,0,0,10.5,S,Second,woman,False,F,Southampton,yes,True,0.33623102673298266,-0.434807301618015
517,0,3,male,29.64209269662921,0,0,24.15,Q,Third,man,True,,Queenstown,no,True,-5.482138488753303e-16,-0.15999101383837694
518,1,2,female,36.0,1,0,26.0,S,Second,woman,False,,Southampton,yes,False,0.49053950707762534,-0.12274485029315124
519,0,3,male,32.0,0,0,7.8958,S,Third,man,True,,Southampton,no,True,0.18192254638834,-0.48723782005286725
520,1,1,female,30.0,0,0,93.5,S,First,woman,False,B,Southampton,yes,True,0.027614066043697313,1.236236792573191
521,0,3,male,22.0,0,0,7.8958,S,Third,man,True,,Southampton,no,True,-0.5896198553348734,-0.48723782005286725
522,0,3,male,29.64209269662921,0,0,7.225,C,Third,man,True,,Cherbourg,no,True,-5.482138488753303e-16,-0.5007430776237524
523,1,1,female,44.0,0,1,57.9792,C,First,woman,False,B,Cherbourg,yes,False,1.1077734284561962,0.5210943460557573
524,0,3,male,29.64209269662921,0,0,7.2292,C,Third,man,True,,Cherbourg,no,True,-5.482138488753303e-16,-0.500658518765974
525,0,3,male,40.5,0,0,7.75,Q,Third,man,True,,Queenstown,no,True,0.8377335878530714,-0.49017322040145855
526,1,2,female,50.0,0,0,10.5,S,Second,woman,False,,Southampton,yes,True,1.570698869490124,-0.434807301618015
527,0,1,male,29.64209269662921,0,0,221.7792,S,First,man,True,C,Southampton,no,True,-5.482138488753303e-16,3.8188897994114144
528,0,3,male,39.0,0,0,7.925,S,Third,man,True,,Southampton,no,True,0.7220022275945894,-0.48664993466069395
529,0,2,male,23.0,2,1,11.5,S,Second,man,True,,Southampton,no,False,-0.5124656151625521,-0.41467424024221733
530,1,2,female,2.0,1,1,26.0,S,Second,child,False,,Southampton,yes,False,-2.1327046587813,-0.12274485029315124
531,0,3,male,29.64209269662921,0,0,7.2292,C,Third,man,True,,Cherbourg,no,True,-5.482138488753303e-16,-0.500658518765974
532,0,3,male,17.0,1,1,7.2292,C,Third,man,True,,Cherbourg,no,False,-0.9753910561964801,-0.500658518765974
533,1,3,female,29.64209269662921,0,2,22.3583,C,Third,woman,False,,Cherbourg,yes,False,-5.482138488753303e-16,-0.19606341990539358
534,0,3,female,30.0,0,0,8.6625,S,Third,woman,False,,Southampton,no,True,0.027614066043697313,-0.4718018018960432
535,1,2,female,7.0,0,2,26.25,S,Second,child,False,,Southampton,yes,False,-1.7469334579196936,-0.11771158494920184
536,0,1,male,45.0,0,0,26.55,S,First,man,True,B,Southampton,no,True,1.1849276686285175,-0.11167166653646252
537,1,1,female,30.0,0,0,106.425,C,First,woman,False,,Cherbourg,yes,True,0.027614066043697313,1.4964566108553758
538,0,3,male,29.64209269662921,0,0,14.5,S,Third,man,True,,Southampton,no,True,-5.482138488753303e-16,-0.35427505611482435
539,1,1,female,22.0,0,2,49.5,C,First,woman,False,B,Cherbourg,yes,False,-0.5896198553348734,0.3503820920380938
540,1,1,female,36.0,0,2,71.0,S,First,woman,False,B,Southampton,yes,False,0.49053950707762534,0.7832429116177435
541,0,3,female,9.0,4,2,31.275,S,Third,child,False,,Southampton,no,False,-1.592624977575051,-0.016542951535818605
542,0,3,female,11.0,4,2,31.275,S,Third,child,False,,Southampton,no,False,-1.438316497230408,-0.016542951535818605
543,1,2,male,32.0,1,0,26.0,S,Second,man,True,,Southampton,yes,False,0.18192254638834,-0.12274485029315124
544,0,1,male,50.0,1,0,106.425,C,First,man,True,C,Cherbourg,no,False,1.570698869490124,1.4964566108553758
545,0,1,male,64.0,0,0,26.0,S,First,man,True,,Southampton,no,True,2.650858231902623,-0.12274485029315124
546,1,2,female,19.0,1,0,26.0,S,Second,woman,False,,Southampton,yes,False,-0.8210825758518374,-0.12274485029315124
547,1,2,male,29.64209269662921,0,0,13.8625,C,Second,man,True,,Cherbourg,yes,True,-5.482138488753303e-16,-0.3671098827418954
548,0,3,male,33.0,1,1,20.525,S,Third,man,True,,Southampton,no,False,0.25907678656066135,-0.23297336132564347
549,1,2,male,8.0,1,1,36.75,S,Second,child,False,,Southampton,yes,False,-1.6697792177473723,0.09368555949667362
550,1,1,male,17.0,0,2,110.8833,C,First,man,True,C,Cherbourg,yes,False,-0.9753910561964801,1.5862158383870948
551,0,2,male,27.0,0,0,26.0,S,Second,man,True,,Southampton,no,True,-0.20384865447326672,-0.12274485029315124
552,0,3,male,29.64209269662921,0,0,7.8292,Q,Third,man,True,,Queenstown,no,True,-5.482138488753303e-16,-0.4885786819404954
553,1,3,male,22.0,0,0,7.225,C,Third,man,True,,Cherbourg,yes,True,-0.5896198553348734,-0.5007430776237524
554,1,3,female,22.0,0,0,7.775,S,Third,woman,False,,Southampton,yes,True,-0.5896198553348734,-0.48966989386706367
555,0,1,male,62.0,0,0,26.55,S,First,man,True,,Southampton,no,True,2.4965497515579798,-0.11167166653646252
556,1,1,female,48.0,1,0,39.6,C,First,woman,False,A,Cherbourg,yes,False,1.4163903891454814,0.151064784417697
557,0,1,male,29.64209269662921,0,0,227.525,C,First,man,True,,Cherbourg,no,True,-5.482138488753303e-16,3.9345703434644728
558,1,1,female,39.0,1,1,79.65,S,First,woman,False,E,Southampton,yes,False,0.7220022275945894,0.9573938925183935
559,1,3,female,36.0,1,0,17.4,S,Third,woman,False,,Southampton,yes,False,0.49053950707762534,-0.29588917812501114
560,0,3,male,29.64209269662921,0,0,7.75,Q,Third,man,True,,Queenstown,no,True,-5.482138488753303e-16,-0.49017322040145855
561,0,3,male,40.0,0,0,7.8958,S,Third,man,True,,Southampton,no,True,0.7991564677669107,-0.48723782005286725
562,0,2,male,28.0,0,0,13.5,S,Second,man,True,,Southampton,no,True,-0.12669441430094538,-0.374408117490622
563,0,3,male,29.64209269662921,0,0,8.05,S,Third,man,True,,Southampton,no,True,-5.482138488753303e-16,-0.4841333019887193
564,0,3,female,29.64209269662921,0,0,8.05,S,Third,woman,False,,Southampton,no,True,-5.482138488753303e-16,-0.4841333019887193
565,0,3,male,24.0,2,0,24.15,S,Third,man,True,,Southampton,no,False,-0.43531137499023076,-0.15999101383837694
566,0,3,male,19.0,0,0,7.8958,S,Third,man,True,,Southampton,no,True,-0.8210825758518374,-0.48723782005286725
567,0,3,female,29.0,0,4,21.075,S,Third,woman,False,,Southampton,no,False,-0.04954017412862403,-0.22190017756895475
568,0,3,male,29.64209269662921,0,0,7.2292,C,Third,man,True,,Cherbourg,no,True,-5.482138488753303e-16,-0.500658518765974
569,1,3,male,32.0,0,0,7.8542,S,Third,man,True,,Southampton,yes,True,0.18192254638834,-0.4880753554061005
570,1,2,male,62.0,0,0,10.5,S,Second,man,True,,Southampton,yes,True,2.4965497515579798,-0.434807301618015
571,1,1,female,53.0,2,0,51.4792,S,First,woman,False,C,Southampton,yes,False,1.8021615900070882,0.3902294471130725
572,1,1,male,36.0,0,0,26.3875,S,First,man,True,E,Southampton,yes,True,0.49053950707762534,-0.11494328901002966
573,1,3,female,29.64209269662921,0,0,7.75,Q,Third,woman,False,,Queenstown,yes,True,-5.482138488753303e-16,-0.49017322040145855
574,0,3,male,16.0,0,0,8.05,S,Third,man,True,,Southampton,no,True,-1.0525452963688016,-0.4841333019887193
575,0,3,male,19.0,0,0,14.5,S,Third,man,True,,Southampton,no,True,-0.8210825758518374,-0.35427505611482435
576,1,2,female,34.0,0,0,13.0,S,Second,woman,False,,Southampton,yes,True,0.33623102673298266,-0.38447464817852084
577,1,1,female,39.0,1,0,55.9,S,First,woman,False,E,Southampton,yes,False,0.7220022275945894,0.47923368484319884
578,0,3,female,29.64209269662921,1,0,14.4583,C,Third,woman,False,,Cherbourg,no,False,-5.482138488753303e-16,-0.3551146047741951
579,1,3,male,32.0,0,0,7.925,S,Third,man,True,,Southampton,yes,True,0.18192254638834,-0.48664993466069395
580,1,2,female,25.0,1,1,30.0,S,Second,woman,False,,Southampton,yes,False,-0.3581571348179094,-0.0422126047899606
581,1,1,female,39.0,1,1,110.8833,C,First,woman,False,C,Cherbourg,yes,False,0.7220022275945894,1.5862158383870948
582,0,2,male,54.0,0,0,26.0,S,Second,man,True,,Southampton,no,True,1.8793158301794095,-0.12274485029315124
583,0,1,male,36.0,0,0,40.125,C,First,man,True,A,Cherbourg,no,True,0.49053950707762534,0.16163464163999072
584,0,3,male,29.64209269662921,0,0,8.7125,C,Third,man,True,,Cherbourg,no,True,-5.482138488753303e-16,-0.4707951488272534
585,1,1,female,18.0,0,2,79.65,S,First,woman,False,E,Southampton,yes,False,-0.8982368160241588,0.9573938925183935
586,0,2,male,47.0,0,0,15.0,S,Second,man,True,,Southampton,no,True,1.3392361489731601,-0.34420852542692554
587,1,1,male,60.0,1,1,79.2,C,First,man,True,B,Cherbourg,yes,False,2.3422412712133376,0.9483340148992845
588,0,3,male,22.0,0,0,8.05,S,Third,man,True,,Southampton,no,True,-0.5896198553348734,-0.4841333019887193
589,0,3,male,29.64209269662921,0,0,8.05,S,Third,man,True,,Southampton,no,True,-5.482138488753303e-16,-0.4841333019887193
590,0,3,male,35.0,0,0,7.125,S,Third,man,True,,Southampton,no,True,0.413385266905304,-0.5027563837613321
591,1,1,female,52.0,1,0,78.2667,C,First,woman,False,D,Cherbourg,yes,False,1.725007349834767,0.9295438287172524
592,0,3,male,47.0,0,0,7.25,S,Third,man,True,,Southampton,no,True,1.3392361489731601,-0.5002397510893574
593,0,3,female,29.64209269662921,0,2,7.75,Q,Third,woman,False,,Queenstown,no,False,-5.482138488753303e-16,-0.49017322040145855
594,0,2,male,37.0,1,0,26.0,S,Second,man,True,,Southampton,no,False,0.5676937472499467,-0.12274485029315124
595,0,3,male,36.0,1,1,24.15,S,Third,man,True,,Southampton,no,False,0.49053950707762534,-0.15999101383837694
596,1,2,female,29.64209269662921,0,0,33.0,S,Second,woman,False,,Southampton,yes,True,-5.482138488753303e-16,0.01818657933743239
597,0,3,male,49.0,0,0,0.0,S,Third,man,True,,Southampton,no,True,1.4935446293178027,-0.6462044460638905
598,0,3,male,29.64209269662921,0,0,7.225,C,Third,man,True,,Cherbourg,no,True,-5.482138488753303e-16,-0.5007430776237524
599,1,1,male,49.0,1,0,56.9292,C,First,man,True,A,Cherbourg,yes,False,1.4935446293178027,0.4999546316111698
600,1,2,female,24.0,2,1,27.0,S,Second,woman,False,,Southampton,yes,False,-0.43531137499023076,-0.10261178891735358
601,0,3,male,29.64209269662921,0,0,7.8958,S,Third,man,True,,Southampton,no,True,-5.482138488753303e-16,-0.48723782005286725
602,0,1,male,29.64209269662921,0,0,42.4,S,First,man,True,,Southampton,no,True,-5.482138488753303e-16,0.20743735626993037
603,0,3,male,44.0,0,0,8.05,S,Third,man,True,,Southampton,no,True,1.1077734284561962,-0.4841333019887193
604,1,1,male,35.0,0,0,26.55,C,First,man,True,,Cherbourg,yes,True,0.413385266905304,-0.11167166653646252
605,0,3,male,36.0,1,0,15.55,S,Third,man,True,,Southampton,no,False,0.49053950707762534,-0.3331353416702368
606,0,3,male,30.0,0,0,7.8958,S,Third,man,True,,Southampton,no,True,0.027614066043697313,-0.48723782005286725
607,1,1,male,27.0,0,0,30.5,S,First,man,True,,Southampton,yes,True,-0.20384865447326672,-0.032146074102061765
608,1,2,female,22.0,1,2,41.5792,C,Second,woman,False,,Cherbourg,yes,False,-0.5896198553348734,0.1909121394926757
609,1,1,female,40.0,0,0,153.4625,S,First,woman,False,C,Southampton,yes,True,0.7991564677669107,2.443465485319458
610,0,3,female,39.0,1,5,31.275,S,Third,woman,False,,Southampton,no,False,0.7220022275945894,-0.016542951535818605
611,0,3,male,29.64209269662921,0,0,7.05,S,Third,man,True,,Southampton,no,True,-5.482138488753303e-16,-0.5042663633645169
612,1,3,female,29.64209269662921,1,0,15.5,Q,Third,woman,False,,Queenstown,yes,False,-5.482138488753303e-16,-0.33414199473902667
613,0,3,male,29.64209269662921,0,0,7.75,Q,Third,man,True,,Queenstown,no,True,-5.482138488753303e-16,-0.49017322040145855
614,0,3,male,35.0,0,0,8.05,S,Third,man,True,,Southampton,no,True,0.413385266905304,-0.4841333019887193
615,1,2,female,24.0,1,2,65.0,S,Second,woman,False,,Southampton,yes,False,-0.43531137499023076,0.6624445433629575
616,0,3,male,34.0,1,1,14.4,S,Third,man,True,,Southampton,no,False,0.33623102673298266,-0.3562883622524042
617,0,3,female,26.0,1,0,16.1,S,Third,woman,False,,Southampton,no,False,-0.28100289464558803,-0.3220621579135481
618,1,2,female,4.0,2,1,39.0,S,Second,child,False,F,Southampton,yes,False,-1.9783961784366575,0.13898494759221836
619,0,2,male,26.0,0,0,10.5,S,Second,man,True,,Southampton,no,True,-0.28100289464558803,-0.434807301618015
620,0,3,male,27.0,1,0,14.4542,C,Third,man,True,,Cherbourg,no,False,-0.20384865447326672,-0.3551971503258359
621,1,1,male,42.0,1,0,52.5542,S,First,man,True,D,Southampton,yes,False,0.9534649481115534,0.41187248809205507
622,1,3,male,20.0,1,1,15.7417,C,Third,man,True,,Cherbourg,yes,False,-0.7439283356795161,-0.3292758338044964
623,0,3,male,21.0,0,0,7.8542,S,Third,man,True,,Southampton,no,True,-0.6667740955071948,-0.4880753554061005
624,0,3,male,21.0,0,0,16.1,S,Third,man,True,,Southampton,no,True,-0.6667740955071948,-0.3220621579135481
625,0,1,male,61.0,0,0,32.3208,S,First,man,True,D,Southampton,no,True,2.419395511385659,0.004512204050990585
626,0,2,male,57.0,0,0,12.35,Q,Second,man,True,,Queenstown,no,True,2.1107785506963737,-0.3975611380727893
627,1,1,female,21.0,0,0,77.9583,S,First,woman,False,D,Southampton,yes,True,-0.6667740955071948,0.9233347925889563
628,0,3,male,26.0,0,0,7.8958,S,Third,man,True,,Southampton,no,True,-0.28100289464558803,-0.48723782005286725
629,0,3,male,29.64209269662921,0,0,7.7333,Q,Third,man,True,,Queenstown,no,True,-5.482138488753303e-16,-0.4905094425264344
630,1,1,male,80.0,0,0,30.0,S,First,man,True,A,Southampton,yes,True,3.885326074659764,-0.0422126047899606
631,0,3,male,51.0,0,0,7.0542,S,Third,man,True,,Southampton,no,True,1.6478531096624456,-0.5041818045067386
632,1,1,male,32.0,0,0,30.5,C,First,man,True,B,Cherbourg,yes,True,0.18192254638834,-0.032146074102061765
633,0,1,male,29.64209269662921,0,0,0.0,S,First,man,True,,Southampton,no,True,-5.482138488753303e-16,-0.6462044460638905
634,0,3,female,9.0,3,2,27.9,S,Third,child,False,,Southampton,no,False,-1.592624977575051,-0.08449203367913571
635,1,2,female,28.0,0,0,13.0,S,Second,woman,False,,Southampton,yes,True,-0.12669441430094538,-0.38447464817852084
636,0,3,male,32.0,0,0,7.925,S,Third,man,True,,Southampton,no,True,0.18192254638834,-0.48664993466069395
637,0,2,male,31.0,1,1,26.25,S,Second,man,True,,Southampton,no,False,0.10476830621601865,-0.11771158494920184
638,0,3,female,41.0,0,5,39.6875,S,Third,woman,False,,Southampton,no,False,0.876310707939232,0.15282642728807924
639,0,3,male,29.64209269662921,1,0,16.1,S,Third,man,True,,Southampton,no,False,-5.482138488753303e-16,-0.3220621579135481
640,0,3,male,20.0,0,0,7.8542,S,Third,man,True,,Southampton,no,True,-0.7439283356795161,-0.4880753554061005
641,1,1,female,24.0,0,0,69.3,C,First,woman,False,B,Cherbourg,yes,True,-0.43531137499023076,0.7490167072788875
642,0,3,female,2.0,3,2,27.9,S,Third,child,False,,Southampton,no,False,-2.1327046587813,-0.08449203367913571
643,1,3,male,29.64209269662921,0,0,56.4958,S,Third,man,True,,Southampton,yes,True,-5.482138488753303e-16,0.4912289628108992
644,1,3,female,0.75,2,1,19.2583,C,Third,child,False,,Cherbourg,yes,False,-2.2291474589967017,-0.25847591017036636
645,1,1,male,48.0,1,0,76.7292,C,First,man,True,D,Cherbourg,yes,False,1.4163903891454814,0.8985892468519636
646,0,3,male,19.0,0,0,7.8958,S,Third,man,True,,Southampton,no,True,-0.8210825758518374,-0.48723782005286725
647,1,1,male,56.0,0,0,35.5,C,First,man,True,A,Cherbourg,yes,True,2.0336243105240523,0.06851923277692655
648,0,3,male,29.64209269662921,0,0,7.55,S,Third,man,True,,Southampton,no,True,-5.482138488753303e-16,-0.4941998326766181
649,1,3,female,23.0,0,0,7.55,S,Third,woman,False,,Southampton,yes,True,-0.5124656151625521,-0.4941998326766181
650,0,3,male,29.64209269662921,0,0,7.8958,S,Third,man,True,,Southampton,no,True,-5.482138488753303e-16,-0.48723782005286725
651,1,2,female,18.0,0,1,23.0,S,Second,woman,False,,Southampton,yes,False,-0.8982368160241588,-0.18314403442054422
652,0,3,male,21.0,0,0,8.4333,S,Third,man,True,,Southampton,no,True,-0.6667740955071948,-0.47641629956337606
653,1,3,female,29.64209269662921,0,0,7.8292,Q,Third,woman,False,,Queenstown,yes,True,-5.482138488753303e-16,-0.4885786819404954
654,0,3,female,18.0,0,0,6.75,Q,Third,woman,False,,Queenstown,no,True,-0.8982368160241588,-0.5103062817772562
655,0,2,male,24.0,2,0,73.5,S,Second,man,True,,Southampton,no,False,-0.43531137499023076,0.8335755650572377
656,0,3,male,29.64209269662921,0,0,7.8958,S,Third,man,True,,Southampton,no,True,-5.482138488753303e-16,-0.48723782005286725
657,0,3,female,32.0,1,1,15.5,Q,Third,woman,False,,Queenstown,no,False,0.18192254638834,-0.33414199473902667
658,0,2,male,23.0,0,0,13.0,S,Second,man,True,,Southampton,no,True,-0.5124656151625521,-0.38447464817852084
659,0,1,male,58.0,0,2,113.275,C,First,man,True,D,Cherbourg,no,False,2.187932790868695,1.6343680812795898
660,1,1,male,50.0,2,0,133.65,S,First,man,True,,Southampton,yes,False,1.570698869490124,2.044579206811467
661,0,3,male,40.0,0,0,7.225,C,Third,man,True,,Cherbourg,no,True,0.7991564677669107,-0.5007430776237524
662,0,1,male,47.0,0,0,25.5875,S,First,man,True,E,Southampton,no,True,1.3392361489731601,-0.1310497381106678
663,0,3,male,36.0,0,0,7.4958,S,Third,man,True,,Southampton,no,True,0.49053950707762534,-0.49529104460318635
664,1,3,male,20.0,1,0,7.925,S,Third,man,True,,Southampton,yes,False,-0.7439283356795161,-0.48664993466069395
665,0,2,male,32.0,2,0,73.5,S,Second,man,True,,Southampton,no,False,0.18192254638834,0.8335755650572377
666,0,2,male,25.0,0,0,13.0,S,Second,man,True,,Southampton,no,True,-0.3581571348179094,-0.38447464817852084
667,0,3,male,29.64209269662921,0,0,7.775,S,Third,man,True,,Southampton,no,True,-5.482138488753303e-16,-0.48966989386706367
668,0,3,male,43.0,0,0,8.05,S,Third,man,True,,Southampton,no,True,1.0306191882838747,-0.4841333019887193
669,1,1,female,29.64209269662921,1,0,52.0,S,First,woman,False,C,Southampton,yes,False,-5.482138488753303e-16,0.40071474547758795
670,1,2,female,40.0,1,1,39.0,S,Second,woman,False,,Southampton,yes,False,0.7991564677669107,0.13898494759221836
671,0,1,male,31.0,1,0,52.0,S,First,man,True,B,Southampton,no,False,0.10476830621601865,0.40071474547758795
672,0,2,male,70.0,0,0,10.5,S,Second,man,True,,Southampton,no,True,3.1137836729365507,-0.434807301618015
673,1,2,male,31.0,0,0,13.0,S,Second,man,True,,Southampton,yes,True,0.10476830621601865,-0.38447464817852084
674,0,2,male,29.64209269662921,0,0,0.0,S,Second,man,True,,Southampton,no,True,-5.482138488753303e-16,-0.6462044460638905
675,0,3,male,18.0,0,0,7.775,S,Third,man,True,,Southampton,no,True,-0.8982368160241588,-0.48966989386706367
676,0,3,male,24.5,0,0,8.05,S,Third,man,True,,Southampton,no,True,-0.39673425490407005,-0.4841333019887193
677,1,3,female,18.0,0,0,9.8417,S,Third,woman,False,,Southampton,yes,True,-0.8982368160241588,-0.4480608959217026
678,0,3,female,43.0,1,6,46.9,S,Third,woman,False,,Southampton,no,False,1.0306191882838747,0.29803613246101984
679,1,1,male,36.0,0,1,512.3292,C,First,man,True,B,Cherbourg,yes,False,0.49053950707762534,9.668550782149426
680,0,3,female,29.64209269662921,0,0,8.1375,Q,Third,woman,False,,Queenstown,no,True,-5.482138488753303e-16,-0.482371659118337
681,1,1,male,27.0,0,0,76.7292,C,First,man,True,D,Cherbourg,yes,True,-0.20384865447326672,0.8985892468519636
682,0,3,male,20.0,0,0,9.225,S,Third,man,True,,Southampton,no,True,-0.7439283356795161,-0.460476954872157
683,0,3,male,14.0,5,2,46.9,S,Third,child,False,,Southampton,no,False,-1.2068537767134442,0.29803613246101984
684,0,2,male,60.0,1,1,39.0,S,Second,man,True,,Southampton,no,False,2.3422412712133376,0.13898494759221836
685,0,2,male,25.0,1,2,41.5792,C,Second,man,True,,Cherbourg,no,False,-0.3581571348179094,0.1909121394926757
686,0,3,male,14.0,4,1,39.6875,S,Third,child,False,,Southampton,no,False,-1.2068537767134442,0.15282642728807924
687,0,3,male,19.0,0,0,10.1708,S,Third,man,True,,Southampton,no,True,-0.8210825758518374,-0.4414351054229276
688,0,3,male,18.0,0,0,7.7958,S,Third,man,True,,Southampton,no,True,-0.8982368160241588,-0.489251126190447
689,1,1,female,15.0,0,1,211.3375,S,First,child,False,B,Southampton,yes,False,-1.1296995365411229,3.608666412443748
690,1,1,male,31.0,1,0,57.0,S,First,man,True,B,Southampton,yes,False,0.10476830621601865,0.5013800523565762
691,1,3,female,4.0,0,1,13.4167,C,Third,child,False,,Cherbourg,yes,False,-1.9783961784366575,-0.376085201503226
692,1,3,male,29.64209269662921,0,0,56.4958,S,Third,man,True,,Southampton,yes,True,-5.482138488753303e-16,0.4912289628108992
693,0,3,male,25.0,0,0,7.225,C,Third,man,True,,Cherbourg,no,True,-0.3581571348179094,-0.5007430776237524
694,0,1,male,60.0,0,0,26.55,S,First,man,True,,Southampton,no,True,2.3422412712133376,-0.11167166653646252
695,0,2,male,52.0,0,0,13.5,S,Second,man,True,,Southampton,no,True,1.725007349834767,-0.374408117490622
696,0,3,male,44.0,0,0,8.05,S,Third,man,True,,Southampton,no,True,1.1077734284561962,-0.4841333019887193
697,1,3,female,29.64209269662921,0,0,7.7333,Q,Third,woman,False,,Queenstown,yes,True,-5.482138488753303e-16,-0.4905094425264344
698,0,1,male,49.0,1,1,110.8833,C,First,man,True,C,Cherbourg,no,False,1.4935446293178027,1.5862158383870948
699,0,3,male,42.0,0,0,7.65,S,Third,man,True,F,Southampton,no,True,0.9534649481115534,-0.4921865265390384
700,1,1,female,18.0,1,0,227.525,C,First,woman,False,C,Cherbourg,yes,False,-0.8982368160241588,3.9345703434644728
701,1,1,male,35.0,0,0,26.2875,S,First,man,True,E,Southampton,yes,True,0.413385266905304,-0.1169565951476094
702,0,3,female,18.0,0,1,14.4542,C,Third,woman,False,,Cherbourg,no,False,-0.8982368160241588,-0.3551971503258359
703,0,3,male,25.0,0,0,7.7417,Q,Third,man,True,,Queenstown,no,True,-0.3581571348179094,-0.49034032481087764
704,0,3,male,26.0,1,0,7.8542,S,Third,man,True,,Southampton,no,False,-0.28100289464558803,-0.4880753554061005
705,0,2,male,39.0,0,0,26.0,S,Second,man,True,,Southampton,no,True,0.7220022275945894,-0.12274485029315124
706,1,2,female,45.0,0,0,13.5,S,Second,woman,False,,Southampton,yes,True,1.1849276686285175,-0.374408117490622
707,1,1,male,42.0,0,0,26.2875,S,First,man,True,E,Southampton,yes,True,0.9534649481115534,-0.1169565951476094
708,1,1,female,22.0,0,0,151.55,S,First,woman,False,,Southampton,yes,True,-0.5896198553348734,2.404961005438245
709,1,3,male,29.64209269662921,1,1,15.2458,C,Third,man,True,,Cherbourg,yes,False,-5.482138488753303e-16,-0.33925981894075447
710,1,1,female,24.0,0,0,49.5042,C,First,woman,False,C,Cherbourg,yes,True,-0.43531137499023076,0.3504666508958721
711,0,1,male,29.64209269662921,0,0,26.55,S,First,man,True,C,Southampton,no,True,-5.482138488753303e-16,-0.11167166653646252
712,1,1,male,48.0,1,0,52.0,S,First,man,True,C,Southampton,yes,False,1.4163903891454814,0.40071474547758795
713,0,3,male,29.0,0,0,9.4833,S,Third,man,True,,Southampton,no,True,-0.04954017412862403,-0.4552765851187885
714,0,2,male,52.0,0,0,13.0,S,Second,man,True,,Southampton,no,True,1.725007349834767,-0.38447464817852084
715,0,3,male,19.0,0,0,7.65,S,Third,man,True,F,Southampton,no,True,-0.8210825758518374,-0.4921865265390384
716,1,1,female,38.0,0,0,227.525,C,First,woman,False,C,Cherbourg,yes,True,0.644847987422268,3.9345703434644728
717,1,2,female,27.0,0,0,10.5,S,Second,woman,False,E,Southampton,yes,True,-0.20384865447326672,-0.434807301618015
718,0,3,male,29.64209269662921,0,0,15.5,Q,Third,man,True,,Queenstown,no,True,-5.482138488753303e-16,-0.33414199473902667
719,0,3,male,33.0,0,0,7.775,S,Third,man,True,,Southampton,no,True,0.25907678656066135,-0.48966989386706367
720,1,2,female,6.0,0,1,33.0,S,Second,child,False,,Southampton,yes,False,-1.8240876980920149,0.01818657933743239
721,0,3,male,17.0,1,0,7.0542,S,Third,man,True,,Southampton,no,False,-0.9753910561964801,-0.5041818045067386
722,0,2,male,34.0,0,0,13.0,S,Second,man,True,,Southampton,no,True,0.33623102673298266,-0.38447464817852084
723,0,2,male,50.0,0,0,13.0,S,Second,man,True,,Southampton,no,True,1.570698869490124,-0.38447464817852084
724,1,1,male,27.0,1,0,53.1,S,First,man,True,E,Southampton,yes,False,-0.20384865447326672,0.4228611129909654
725,0,3,male,20.0,0,0,8.6625,S,Third,man,True,,Southampton,no,True,-0.7439283356795161,-0.4718018018960432
726,1,2,female,30.0,3,0,21.0,S,Second,woman,False,,Southampton,yes,False,0.027614066043697313,-0.22341015717213955
727,1,3,female,29.64209269662921,0,0,7.7375,Q,Third,woman,False,,Queenstown,yes,True,-5.482138488753303e-16,-0.49042488366865605
728,0,2,male,25.0,1,0,26.0,S,Second,man,True,,Southampton,no,False,-0.3581571348179094,-0.12274485029315124
729,0,3,female,25.0,1,0,7.925,S,Third,woman,False,,Southampton,no,False,-0.3581571348179094,-0.48664993466069395
730,1,1,female,29.0,0,0,211.3375,S,First,woman,False,B,Southampton,yes,True,-0.04954017412862403,3.608666412443748
731,0,3,male,11.0,0,0,18.7875,C,Third,child,False,,Cherbourg,no,True,-1.438316497230408,-0.26795455546609187
732,0,2,male,29.64209269662921,0,0,0.0,S,Second,man,True,,Southampton,no,True,-5.482138488753303e-16,-0.6462044460638905
733,0,2,male,23.0,0,0,13.0,S,Second,man,True,,Southampton,no,True,-0.5124656151625521,-0.38447464817852084
734,0,2,male,23.0,0,0,13.0,S,Second,man,True,,Southampton,no,True,-0.5124656151625521,-0.38447464817852084
735,0,3,male,28.5,0,0,16.1,S,Third,man,True,,Southampton,no,True,-0.0881172942147847,-0.3220621579135481
736,0,3,female,48.0,1,3,34.375,S,Third,woman,False,,Southampton,no,False,1.4163903891454814,0.045869538729154176
737,1,1,male,35.0,0,0,512.3292,C,First,man,True,B,Cherbourg,yes,True,0.413385266905304,9.668550782149426
738,0,3,male,29.64209269662921,0,0,7.8958,S,Third,man,True,,Southampton,no,True,-5.482138488753303e-16,-0.48723782005286725
739,0,3,male,29.64209269662921,0,0,7.8958,S,Third,man,True,,Southampton,no,True,-5.482138488753303e-16,-0.48723782005286725
740,1,1,male,29.64209269662921,0,0,30.0,S,First,man,True,D,Southampton,yes,True,-5.482138488753303e-16,-0.0422126047899606
741,0,1,male,36.0,1,0,78.85,S,First,man,True,C,Southampton,no,False,0.49053950707762534,0.941287443417755
742,1,1,female,21.0,2,2,262.375,C,First,woman,False,B,Cherbourg,yes,False,-0.6667740955071948,4.636207532411021
743,0,3,male,24.0,1,0,16.1,S,Third,man,True,,Southampton,no,False,-0.43531137499023076,-0.3220621579135481
744,1,3,male,31.0,0,0,7.925,S,Third,man,True,,Southampton,yes,True,0.10476830621601865,-0.48664993466069395
745,0,1,male,70.0,1,1,71.0,S,First,man,True,B,Southampton,no,False,3.1137836729365507,0.7832429116177435
746,0,3,male,16.0,1,1,20.25,S,Third,man,True,,Southampton,no,False,-1.0525452963688016,-0.2385099532039878
747,1,2,female,30.0,0,0,13.0,S,Second,woman,False,,Southampton,yes,True,0.027614066043697313,-0.38447464817852084
748,0,1,male,19.0,1,0,53.1,S,First,man,True,D,Southampton,no,False,-0.8210825758518374,0.4228611129909654
749,0,3,male,31.0,0,0,7.75,Q,Third,man,True,,Queenstown,no,True,0.10476830621601865,-0.49017322040145855
750,1,2,female,4.0,1,1,23.0,S,Second,child,False,,Southampton,yes,False,-1.9783961784366575,-0.18314403442054422
751,1,3,male,6.0,0,1,12.475,S,Third,child,False,E,Southampton,yes,False,-1.8240876980920149,-0.3950445054008146
752,0,3,male,33.0,0,0,9.5,S,Third,man,True,,Southampton,no,True,0.25907678656066135,-0.4549403629938127
753,0,3,male,23.0,0,0,7.8958,S,Third,man,True,,Southampton,no,True,-0.5124656151625521,-0.48723782005286725
754,1,2,female,48.0,1,2,65.0,S,Second,woman,False,,Southampton,yes,False,1.4163903891454814,0.6624445433629575
755,1,2,male,0.67,1,1,14.5,S,Second,child,False,,Southampton,yes,False,-2.2353197982104875,-0.35427505611482435
756,0,3,male,28.0,0,0,7.7958,S,Third,man,True,,Southampton,no,True,-0.12669441430094538,-0.489251126190447
757,0,2,male,18.0,0,0,11.5,S,Second,man,True,,Southampton,no,True,-0.8982368160241588,-0.41467424024221733
758,0,3,male,34.0,0,0,8.05,S,Third,man,True,,Southampton,no,True,0.33623102673298266,-0.4841333019887193
759,1,1,female,33.0,0,0,86.5,S,First,woman,False,B,Southampton,yes,True,0.25907678656066135,1.0953053629426073
760,0,3,male,29.64209269662921,0,0,14.5,S,Third,man,True,,Southampton,no,True,-5.482138488753303e-16,-0.35427505611482435
761,0,3,male,41.0,0,0,7.125,S,Third,man,True,,Southampton,no,True,0.876310707939232,-0.5027563837613321
762,1,3,male,20.0,0,0,7.2292,C,Third,man,True,,Cherbourg,yes,True,-0.7439283356795161,-0.500658518765974
763,1,1,female,36.0,1,2,120.0,S,First,woman,False,B,Southampton,yes,False,0.49053950707762534,1.769762919031829
764,0,3,male,16.0,0,0,7.775,S,Third,man,True,,Southampton,no,True,-1.0525452963688016,-0.48966989386706367
765,1,1,female,51.0,1,0,77.9583,S,First,woman,False,D,Southampton,yes,False,1.6478531096624456,0.9233347925889563
766,0,1,male,29.64209269662921,0,0,39.6,C,First,man,True,,Cherbourg,no,True,-5.482138488753303e-16,0.151064784417697
767,0,3,female,30.5,0,0,7.75,Q,Third,woman,False,,Queenstown,no,True,0.06619118612985798,-0.49017322040145855
768,0,3,male,29.64209269662921,1,0,24.15,Q,Third,man,True,,Queenstown,no,False,-5.482138488753303e-16,-0.15999101383837694
769,0,3,male,32.0,0,0,8.3625,S,Third,man,True,,Southampton,no,True,0.18192254638834,-0.47784172030878247
770,0,3,male,24.0,0,0,9.5,S,Third,man,True,,Southampton,no,True,-0.43531137499023076,-0.4549403629938127
771,0,3,male,48.0,0,0,7.8542,S,Third,man,True,,Southampton,no,True,1.4163903891454814,-0.4880753554061005
772,0,2,female,57.0,0,0,10.5,S,Second,woman,False,E,Southampton,no,True,2.1107785506963737,-0.434807301618015
773,0,3,male,29.64209269662921,0,0,7.225,C,Third,man,True,,Cherbourg,no,True,-5.482138488753303e-16,-0.5007430776237524
774,1,2,female,54.0,1,3,23.0,S,Second,woman,False,,Southampton,yes,False,1.8793158301794095,-0.18314403442054422
775,0,3,male,18.0,0,0,7.75,S,Third,man,True,,Southampton,no,True,-0.8982368160241588,-0.49017322040145855
776,0,3,male,29.64209269662921,0,0,7.75,Q,Third,man,True,F,Queenstown,no,True,-5.482138488753303e-16,-0.49017322040145855
777,1,3,female,5.0,0,0,12.475,S,Third,child,False,,Southampton,yes,True,-1.9012419382643362,-0.3950445054008146
778,0,3,male,29.64209269662921,0,0,7.7375,Q,Third,man,True,,Queenstown,no,True,-5.482138488753303e-16,-0.49042488366865605
779,1,1,female,43.0,0,1,211.3375,S,First,woman,False,B,Southampton,yes,False,1.0306191882838747,3.608666412443748
780,1,3,female,13.0,0,0,7.2292,C,Third,child,False,,Cherbourg,yes,True,-1.2840080168857655,-0.500658518765974
781,1,1,female,17.0,1,0,57.0,S,First,woman,False,B,Southampton,yes,False,-0.9753910561964801,0.5013800523565762
782,0,1,male,29.0,0,0,30.0,S,First,man,True,D,Southampton,no,True,-0.04954017412862403,-0.0422126047899606
783,0,3,male,29.64209269662921,1,2,23.45,S,Third,man,True,,Southampton,no,False,-5.482138488753303e-16,-0.1740841568014353
784,0,3,male,25.0,0,0,7.05,S,Third,man,True,,Southampton,no,True,-0.3581571348179094,-0.5042663633645169
785,0,3,male,25.0,0,0,7.25,S,Third,man,True,,Southampton,no,True,-0.3581571348179094,-0.5002397510893574
786,1,3,female,18.0,0,0,7.4958,S,Third,woman,False,,Southampton,yes,True,-0.8982368160241588,-0.49529104460318635
787,0,3,male,8.0,4,1,29.125,Q,Third,child,False,,Queenstown,no,False,-1.6697792177473723,-0.05982903349378355
788,1,3,male,1.0,1,2,20.575,S,Third,child,False,,Southampton,yes,False,-2.2098588989536214,-0.2319667082568536
789,0,1,male,46.0,0,0,79.2,C,First,man,True,B,Cherbourg,no,True,1.2620819088008388,0.9483340148992845
790,0,3,male,29.64209269662921,0,0,7.75,Q,Third,man,True,,Queenstown,no,True,-5.482138488753303e-16,-0.49017322040145855
791,0,2,male,16.0,0,0,26.0,S,Second,man,True,,Southampton,no,True,-1.0525452963688016,-0.12274485029315124
792,0,3,female,29.64209269662921,8,2,69.55,S,Third,woman,False,,Southampton,no,False,-5.482138488753303e-16,0.7540499726228369
793,0,1,male,29.64209269662921,0,0,30.6958,C,First,man,True,,Cherbourg,no,True,-5.482138488753303e-16,-0.028204020684680614
794,0,3,male,25.0,0,0,7.8958,S,Third,man,True,,Southampton,no,True,-0.3581571348179094,-0.48723782005286725
795,0,2,male,39.0,0,0,13.0,S,Second,man,True,,Southampton,no,True,0.7220022275945894,-0.38447464817852084
796,1,1,female,49.0,0,0,25.9292,S,First,woman,False,D,Southampton,yes,True,1.4935446293178027,-0.12417027103855768
797,1,3,female,31.0,0,0,8.6833,S,Third,woman,False,,Southampton,yes,True,0.10476830621601865,-0.4713830342194266
798,0,3,male,30.0,0,0,7.2292,C,Third,man,True,,Cherbourg,no,True,0.027614066043697313,-0.500658518765974
799,0,3,female,30.0,1,1,24.15,S,Third,woman,False,,Southampton,no,False,0.027614066043697313,-0.15999101383837694
800,0,2,male,34.0,0,0,13.0,S,Second,man,True,,Southampton,no,True,0.33623102673298266,-0.38447464817852084
801,1,2,female,31.0,1,1,26.25,S,Second,woman,False,,Southampton,yes,False,0.10476830621601865,-0.11771158494920184
802,1,1,male,11.0,1,2,120.0,S,First,child,False,B,Southampton,yes,False,-1.438316497230408,1.769762919031829
803,1,3,male,0.42,0,1,8.5167,C,Third,child,False,,Cherbourg,yes,False,-2.254608358253568,-0.4747372022446345
804,1,3,male,27.0,0,0,6.975,S,Third,man,True,,Southampton,yes,True,-0.20384865447326672,-0.5057763429677017
805,0,3,male,31.0,0,0,7.775,S,Third,man,True,,Southampton,no,True,0.10476830621601865,-0.48966989386706367
806,0,1,male,39.0,0,0,0.0,S,First,man,True,A,Southampton,no,True,0.7220022275945894,-0.6462044460638905
807,0,3,female,18.0,0,0,7.775,S,Third,woman,False,,Southampton,no,True,-0.8982368160241588,-0.48966989386706367
808,0,2,male,39.0,0,0,13.0,S,Second,man,True,,Southampton,no,True,0.7220022275945894,-0.38447464817852084
809,1,1,female,33.0,1,0,53.1,S,First,woman,False,E,Southampton,yes,False,0.25907678656066135,0.4228611129909654
810,0,3,male,26.0,0,0,7.8875,S,Third,man,True,,Southampton,no,True,-0.28100289464558803,-0.4874049244622864
811,0,3,male,39.0,0,0,24.15,S,Third,man,True,,Southampton,no,True,0.7220022275945894,-0.15999101383837694
812,0,2,male,35.0,0,0,10.5,S,Second,man,True,,Southampton,no,True,0.413385266905304,-0.434807301618015
813,0,3,female,6.0,4,2,31.275,S,Third,child,False,,Southampton,no,False,-1.8240876980920149,-0.016542951535818605
814,0,3,male,30.5,0,0,8.05,S,Third,man,True,,Southampton,no,True,0.06619118612985798,-0.4841333019887193
815,0,1,male,29.64209269662921,0,0,0.0,S,First,man,True,B,Southampton,no,True,-5.482138488753303e-16,-0.6462044460638905
816,0,3,female,23.0,0,0,7.925,S,Third,woman,False,,Southampton,no,True,-0.5124656151625521,-0.48664993466069395
817,0,2,male,31.0,1,1,37.0042,C,Second,man,True,,Cherbourg,no,False,0.10476830621601865,0.09880338369840133
818,0,3,male,43.0,0,0,6.45,S,Third,man,True,,Southampton,no,True,1.0306191882838747,-0.5163462001899956
819,0,3,male,10.0,3,2,27.9,S,Third,child,False,,Southampton,no,False,-1.5154707374027294,-0.08449203367913571
820,1,1,female,52.0,1,1,93.5,S,First,woman,False,B,Southampton,yes,False,1.725007349834767,1.236236792573191
821,1,3,male,27.0,0,0,8.6625,S,Third,man,True,,Southampton,yes,True,-0.20384865447326672,-0.4718018018960432
822,0,1,male,38.0,0,0,0.0,S,First,man,True,,Southampton,no,True,0.644847987422268,-0.6462044460638905
823,1,3,female,27.0,0,1,12.475,S,Third,woman,False,E,Southampton,yes,False,-0.20384865447326672,-0.3950445054008146
824,0,3,male,2.0,4,1,39.6875,S,Third,child,False,,Southampton,no,False,-2.1327046587813,0.15282642728807924
825,0,3,male,29.64209269662921,0,0,6.95,Q,Third,man,True,,Queenstown,no,True,-5.482138488753303e-16,-0.5062796695020967
826,0,3,male,29.64209269662921,0,0,56.4958,S,Third,man,True,,Southampton,no,True,-5.482138488753303e-16,0.4912289628108992
827,1,2,male,1.0,0,2,37.0042,C,Second,child,False,,Cherbourg,yes,False,-2.2098588989536214,0.09880338369840133
828,1,3,male,29.64209269662921,0,0,7.75,Q,Third,man,True,,Queenstown,yes,True,-5.482138488753303e-16,-0.49017322040145855
830,1,3,female,15.0,1,0,14.4542,C,Third,child,False,,Cherbourg,yes,False,-1.1296995365411229,-0.3551971503258359
831,1,2,male,0.83,1,1,18.75,S,Second,child,False,,Southampton,yes,False,-2.2229751197829164,-0.2687095452676843
832,0,3,male,29.64209269662921,0,0,7.2292,C,Third,man,True,,Cherbourg,no,True,-5.482138488753303e-16,-0.500658518765974
833,0,3,male,23.0,0,0,7.8542,S,Third,man,True,,Southampton,no,True,-0.5124656151625521,-0.4880753554061005
834,0,3,male,18.0,0,0,8.3,S,Third,man,True,,Southampton,no,True,-0.8982368160241588,-0.47910003664476986
835,1,1,female,39.0,1,1,83.1583,C,First,woman,False,E,Cherbourg,yes,False,0.7220022275945894,1.0280267117431041
836,0,3,male,21.0,0,0,8.6625,S,Third,man,True,,Southampton,no,True,-0.6667740955071948,-0.4718018018960432
837,0,3,male,29.64209269662921,0,0,8.05,S,Third,man,True,,Southampton,no,True,-5.482138488753303e-16,-0.4841333019887193
838,1,3,male,32.0,0,0,56.4958,S,Third,man,True,,Southampton,yes,True,0.18192254638834,0.4912289628108992
839,1,1,male,29.64209269662921,0,0,29.7,C,First,man,True,C,Cherbourg,yes,True,-5.482138488753303e-16,-0.04825252320269991
840,0,3,male,20.0,0,0,7.925,S,Third,man,True,,Southampton,no,True,-0.7439283356795161,-0.48664993466069395
841,0,2,male,16.0,0,0,10.5,S,Second,man,True,,Southampton,no,True,-1.0525452963688016,-0.434807301618015
842,1,1,female,30.0,0,0,31.0,C,First,woman,False,,Cherbourg,yes,True,0.027614066043697313,-0.022079543414162937
843,0,3,male,34.5,0,0,6.4375,C,Third,man,True,,Cherbourg,no,True,0.3748081468191434,-0.516597863457193
844,0,3,male,17.0,0,0,8.6625,S,Third,man,True,,Southampton,no,True,-0.9753910561964801,-0.4718018018960432
845,0,3,male,42.0,0,0,7.55,S,Third,man,True,,Southampton,no,True,0.9534649481115534,-0.4941998326766181
846,0,3,male,29.64209269662921,8,2,69.55,S,Third,man,True,,Southampton,no,False,-5.482138488753303e-16,0.7540499726228369
847,0,3,male,35.0,0,0,7.8958,C,Third,man,True,,Cherbourg,no,True,0.413385266905304,-0.48723782005286725
848,0,2,male,28.0,0,1,33.0,S,Second,man,True,,Southampton,no,False,-0.12669441430094538,0.01818657933743239
849,1,1,female,29.64209269662921,1,0,89.1042,C,First,woman,False,C,Cherbourg,yes,False,-5.482138488753303e-16,1.1477358813774596
850,0,3,male,4.0,4,2,31.275,S,Third,child,False,,Southampton,no,False,-1.9783961784366575,-0.016542951535818605
851,0,3,male,74.0,0,0,7.775,S,Third,man,True,,Southampton,no,True,3.422400633625836,-0.48966989386706367
852,0,3,female,9.0,1,1,15.2458,C,Third,child,False,,Cherbourg,no,False,-1.592624977575051,-0.33925981894075447
853,1,1,female,16.0,0,1,39.4,S,First,woman,False,D,Southampton,yes,False,-1.0525452963688016,0.1470381721425374
854,0,2,female,44.0,1,0,26.0,S,Second,woman,False,,Southampton,no,False,1.1077734284561962,-0.12274485029315124
855,1,3,female,18.0,0,1,9.35,S,Third,woman,False,,Southampton,yes,False,-0.8982368160241588,-0.4579603222001823
856,1,1,female,45.0,1,1,164.8667,S,First,woman,False,,Southampton,yes,False,1.1849276686285175,2.67306694386133
857,1,1,male,51.0,0,0,26.55,S,First,man,True,E,Southampton,yes,True,1.6478531096624456,-0.11167166653646252
858,1,3,female,24.0,0,3,19.2583,C,Third,woman,False,,Cherbourg,yes,False,-0.43531137499023076,-0.25847591017036636
859,0,3,male,29.64209269662921,0,0,7.2292,C,Third,man,True,,Cherbourg,no,True,-5.482138488753303e-16,-0.500658518765974
860,0,3,male,41.0,2,0,14.1083,S,Third,man,True,,Southampton,no,False,0.876310707939232,-0.3621611762557243
861,0,2,male,21.0,1,0,11.5,S,Second,man,True,,Southampton,no,False,-0.6667740955071948,-0.41467424024221733
862,1,1,female,48.0,0,0,25.9292,S,First,woman,False,D,Southampton,yes,True,1.4163903891454814,-0.12417027103855768
863,0,3,female,29.64209269662921,8,2,69.55,S,Third,woman,False,,Southampton,no,False,-5.482138488753303e-16,0.7540499726228369
864,0,2,male,24.0,0,0,13.0,S,Second,man,True,,Southampton,no,True,-0.43531137499023076,-0.38447464817852084
865,1,2,female,42.0,0,0,13.0,S,Second,woman,False,,Southampton,yes,True,0.9534649481115534,-0.38447464817852084
866,1,2,female,27.0,1,0,13.8583,C,Second,woman,False,,Cherbourg,yes,False,-0.20384865447326672,-0.36719444159967374
867,0,1,male,31.0,0,0,50.4958,S,First,man,True,A,Southampton,no,True,0.10476830621601865,0.37043059455611316
868,0,3,male,29.64209269662921,0,0,9.5,S,Third,man,True,,Southampton,no,True,-5.482138488753303e-16,-0.4549403629938127
869,1,3,male,4.0,1,1,11.1333,S,Third,child,False,,Southampton,yes,False,-1.9783961784366575,-0.4220570338487224
870,0,3,male,26.0,0,0,7.8958,S,Third,man,True,,Southampton,no,True,-0.28100289464558803,-0.48723782005286725
871,1,1,female,47.0,1,1,52.5542,S,First,woman,False,D,Southampton,yes,False,1.3392361489731601,0.41187248809205507
872,0,1,male,33.0,0,0,5.0,S,First,man,True,B,Southampton,no,True,0.25907678656066135,-0.5455391391849022
873,0,3,male,47.0,0,0,9.0,S,Third,man,True,,Southampton,no,True,1.3392361489731601,-0.4650068936817115
874,1,2,female,28.0,1,0,24.0,C,Second,woman,False,,Cherbourg,yes,False,-0.12669441430094538,-0.16301097304474657
875,1,3,female,15.0,0,0,7.225,C,Third,child,False,,Cherbourg,yes,True,-1.1296995365411229,-0.5007430776237524
876,0,3,male,20.0,0,0,9.8458,S,Third,man,True,,Southampton,no,True,-0.7439283356795161,-0.44797835037006184
877,0,3,male,19.0,0,0,7.8958,S,Third,man,True,,Southampton,no,True,-0.8210825758518374,-0.48723782005286725
878,0,3,male,29.64209269662921,0,0,7.8958,S,Third,man,True,,Southampton,no,True,-5.482138488753303e-16,-0.48723782005286725
879,1,1,female,56.0,0,1,83.1583,C,First,woman,False,C,Cherbourg,yes,False,2.0336243105240523,1.0280267117431041
880,1,2,female,25.0,0,1,26.0,S,Second,woman,False,,Southampton,yes,False,-0.3581571348179094,-0.12274485029315124
881,0,3,male,33.0,0,0,7.8958,S,Third,man,True,,Southampton,no,True,0.25907678656066135,-0.48723782005286725
882,0,3,female,22.0,0,0,10.5167,S,Third,woman,False,,Southampton,no,True,-0.5896198553348734,-0.4344710794930392
883,0,2,male,28.0,0,0,10.5,S,Second,man,True,,Southampton,no,True,-0.12669441430094538,-0.434807301618015
884,0,3,male,25.0,0,0,7.05,S,Third,man,True,,Southampton,no,True,-0.3581571348179094,-0.5042663633645169
885,0,3,female,39.0,0,5,29.125,Q,Third,woman,False,,Queenstown,no,False,0.7220022275945894,-0.05982903349378355
886,0,2,male,27.0,0,0,13.0,S,Second,man,True,,Southampton,no,True,-0.20384865447326672,-0.38447464817852084
887,1,1,female,19.0,0,0,30.0,S,First,woman,False,B,Southampton,yes,True,-0.8210825758518374,-0.0422126047899606
888,0,3,female,29.64209269662921,1,2,23.45,S,Third,woman,False,,Southampton,no,False,-5.482138488753303e-16,-0.1740841568014353
889,1,1,male,26.0,0,0,30.0,C,First,man,True,C,Cherbourg,yes,True,-0.28100289464558803,-0.0422126047899606
890,0,3,male,32.0,0,0,7.75,Q,Third,man,True,,Queenstown,no,True,0.18192254638834,-0.49017322040145855
